"","castaway_id","full_name","short_name","date_of_birth","date_of_death","gender","race","ethnicity","occupation","personality_type"
"1",1,"Sonja Christopher","Sonja",1937-01-28,NA,"Female",NA,NA,"Musician","ENFP"
"2",2,"B.B. Andersen","B.B.",1936-01-18,2013-10-29,"Male",NA,NA,"Real Estate Developer","ESTJ"
"3",3,"Stacey Stillman","Stacey",1972-08-11,NA,"Female",NA,NA,"Attorney","ENTJ"
"4",4,"Ramona Gray","Ramona",1971-01-20,NA,"Female","Black",NA,"Biochemist/Chemist","ISTJ"
"5",5,"Dirk Been","Dirk",1976-06-15,NA,"Male",NA,NA,"Dairy Farmer","ISFP"
"6",6,"Joel Klug","Joel",1972-04-13,NA,"Male",NA,NA,"Health Club Consultant","ESTJ"
"7",7,"Gretchen Cordy","Gretchen",1962-02-07,NA,"Female",NA,NA,"Teacher","ESFJ"
"8",8,"Greg Buis","Greg",1975-12-31,NA,"Male",NA,NA,"Ivy League Graduate","INTP"
"9",9,"Jenna Lewis","Jenna L.",1977-07-16,NA,"Female",NA,NA,"Student","ENFP"
"10",10,"Gervase Peterson","Gervase",1969-11-02,NA,"Male","Black",NA,"YMCA Basketball Coach;Cigar Lounge Owner","ESTP"
"11",11,"Colleen Haskell","Colleen",1976-12-06,NA,"Female",NA,NA,"Student","INFP"
"12",12,"Sean Kenniff","Sean",1969-11-27,NA,"Male",NA,NA,"Doctor","INTP"
"13",13,"Susan Hawk","Sue",1961-08-17,NA,"Female",NA,NA,"Truck Driver","ESTP"
"14",14,"Rudy Boesch","Rudy",1928-01-20,2019-11-01,"Male",NA,NA,"Retired Navy SEAL","ISTJ"
"15",15,"Kelly Wiglesworth","Kelly",1977-06-24,NA,"Female",NA,NA,"River Guide","ISFP"
"16",16,"Richard Hatch","Richard",1961-04-08,NA,"Male",NA,NA,"Corporate Trainer","ENTP"
"17",17,"Debb Eaton","Debb",1955-06-11,NA,"Female",NA,NA,"Corrections Officer","ISFP"
"18",18,"Kel Gleason","Kel",1968-01-05,NA,"Male",NA,"Hispanic or Latino","Army Intelligence Officer","ISTJ"
"19",19,"Maralyn Hershey","Maralyn",1949-01-24,NA,"Female",NA,NA,"Retired Police Officer","ESTP"
"20",20,"Mitchell Olson","Mitchell",1977-03-17,NA,"Male",NA,NA,"Singer/Songwriter","ENFP"
"21",21,"Kimmi Kappenberg","Kimmi",1972-11-11,NA,"Female",NA,NA,"Bartender","ENFP"
"22",22,"Michael Skupin","Michael",1962-01-29,NA,"Male",NA,NA,"Software Publisher;Part-Time Professional Speaker","ESFJ"
"23",23,"Jeff Varner","Jeff",1966-04-16,NA,"Male",NA,NA,"Internet Projects Manager","ENFP"
"24",24,"Alicia Calaway","Alicia",1968-05-01,NA,"Female","Black",NA,"Personal Trainer","ESTJ"
"25",25,"Jerri Manthey","Jerri",1970-09-05,NA,"Female",NA,NA,"Aspiring Actress","ESFP"
"26",26,"Nick Brown","Nick",1977-04-02,NA,"Male","Black",NA,"Harvard Law Student","ISTJ"
"27",27,"Amber Mariano","Amber",1978-08-11,NA,"Female",NA,NA,"Administrative Assistant;Director of Marketing and Communications","ISFP"
"28",28,"Rodger Bingham","Rodger",1947-07-05,NA,"Male",NA,NA,"Teacher/Farmer","ISFJ"
"29",29,"Elisabeth Filarski","Elisabeth",1977-05-28,NA,"Female",NA,NA,"Footwear Designer","INFP"
"30",30,"Keith Famie","Keith",1960-02-11,NA,"Male",NA,NA,"Chef","ESTJ"
"31",31,"Colby Donaldson","Colby",1974-04-01,NA,"Male",NA,NA,"Auto Customizer","ISTP"
"32",32,"Tina Wesson","Tina",1960-12-26,NA,"Female",NA,NA,"Personal Nurse;Motivational Speaker","ESFJ"
"33",33,"Diane Ogden","Diane",1959-04-27,NA,"Female",NA,NA,"U.S. Mail Carrier","ESTP"
"34",34,"Jessie Camacho","Jessie",1974-09-24,NA,"Female",NA,"Hispanic or Latino","Deputy Sheriff","ISFP"
"35",35,"Carl Bilancione","Carl",1955-06-20,NA,"Male",NA,NA,"Dentist","ESTJ"
"36",36,"Linda Spencer","Linda",1957-01-01,NA,"Female","Black",NA,"Career Counselor","ESFJ"
"37",37,"Silas Gaither","Silas",1978-01-28,NA,"Male",NA,NA,"Bartender","ESTJ"
"38",38,"Lindsey Richter","Lindsey",1974-08-31,NA,"Female",NA,NA,"Advertising Executive","ESFP"
"39",39,"Clarence Black","Clarence",1976-12-21,NA,"Male","Black",NA,"Basketball Coach","ISTP"
"40",40,"Kelly Goldsmith","Kelly",1979-04-27,NA,"Female",NA,NA,"Behavioral Research Analyst","ENTP"
"41",41,"Brandon Quinton","Brandon",1976-01-22,NA,"Male",NA,NA,"Bartender","ENFP"
"42",42,"Frank Garrison","Frank",1958-07-22,NA,"Male",NA,NA,"Telephone Technician","ISTJ"
"43",43,"Kim Powers","Kim P.",1971-12-03,NA,"Female",NA,NA,"Freelance Marketer","INFP"
"44",44,"Teresa Cooper","Teresa",1959-05-05,NA,"Female",NA,NA,"Flight Attendant","ENFP"
"45",45,"Tom Buchanan","Tom",1955-10-30,NA,"Male",NA,NA,"Goat Farmer","ESTP"
"46",46,"Lex van den Berghe","Lex",1963-06-18,NA,"Male",NA,NA,"Marketing Manager","ENTJ"
"47",47,"Kim Johnson","Kim J.",1944-09-18,NA,"Female",NA,NA,"Retired Teacher","ISFJ"
"48",48,"Ethan Zohn","Ethan",1973-11-12,NA,"Male","White","Jewish","Professional Soccer Player;Social Entrepreneur/Keynote Speaker","ISFP"
"49",49,"Peter Harkey","Peter",1956-01-17,NA,"Male",NA,NA,"Bowling Alley Owner","ENFP"
"50",50,"Patricia Jackson","Patricia",1952-04-08,NA,"Female",NA,NA,"Truck Assembler","ISFJ"
"51",51,"Hunter Ellis","Hunter",1968-07-05,NA,"Male",NA,NA,"Former Navy Fighter Pilot","ESTJ"
"52",52,"Sarah Jones","Sarah",1977-08-11,NA,"Female",NA,NA,"Account Manager","ISFP"
"53",53,"Gabriel Cade","Gabriel",1978-07-01,NA,"Male",NA,NA,"Bartender","INFP"
"54",54,"Gina Crews","Gina",1973-02-07,NA,"Female",NA,NA,"Nature Guide","ISFJ"
"55",55,"Rob Mariano","Boston Rob",1975-12-25,NA,"Male",NA,NA,"Construction Worker","ESTJ"
"56",56,"John Carroll","John",1965-06-14,NA,"Male",NA,NA,"Registered Nurse","ENTJ"
"57",57,"Zoe Zanidakis","Zoe",1966-03-17,NA,"Female",NA,NA,"Fishing Boat Captain","ISTJ"
"58",58,"Tammy Leitner","Tammy",1972-07-03,NA,"Female",NA,NA,"Crime Reporter","ENFJ"
"59",59,"Robert DeCanio","Robert",1963-06-19,NA,"Male",NA,NA,"Limousine Driver","ISTJ"
"60",60,"Sean Rector","Sean",1971-08-20,NA,"Male","Black",NA,"Teacher","ENTP"
"61",61,"Paschal English","Paschal",1945-03-05,NA,"Male",NA,NA,"Judge","ISFJ"
"62",62,"Kathy Vavrick-O'Brien","Kathy",1955-01-06,NA,"Female",NA,NA,"Real Estate Agent","ESFJ"
"63",63,"Neleh Dennis","Neleh",1980-02-19,NA,"Female",NA,NA,"Student","ENFP"
"64",64,"Vecepia Towery","Vecepia",1965-12-09,NA,"Female","Black",NA,"Office Manager","ISTJ"
"65",65,"John Raymond","John",1962-02-21,NA,"Male",NA,NA,"Pastor","ENFP"
"66",66,"Tanya Vance","Tanya",1974-11-29,NA,"Female",NA,NA,"Social Worker","ESTJ"
"67",67,"Jed Hildebrand","Jed",1976-12-05,NA,"Male",NA,NA,"Dental Student","ISFP"
"68",68,"Ghandia Johnson","Ghandia",1969-01-03,NA,"Female","Black",NA,"Legal Secretary","ESFP"
"69",69,"Stephanie Dill","Stephanie",1972-11-15,NA,"Female",NA,NA,"Firefighter","ISTJ"
"70",70,"Robert Zbacnik","Robb",1978-09-12,NA,"Male",NA,NA,"Bartender","ESFP"
"71",71,"Shii Ann Huang","Shii Ann",1974-01-24,NA,"Female","Asian","Taiwanese American","Executive Recruiter","INTJ"
"72",72,"Erin Collins","Erin",1976-01-07,NA,"Female",NA,NA,"Real Estate Agent","ESFP"
"73",73,"Ken Stafford","Ken",1972-06-20,NA,"Male",NA,NA,"NYC Police Officer","ESTJ"
"74",74,"Penny Ramsey","Penny",1975-04-24,NA,"Female",NA,NA,"Pharmaceutical Sales","ESFJ"
"75",75,"Jake Billingsley","Jake",1941-08-21,NA,"Male",NA,NA,"Land Broker","ISFJ"
"76",76,"Ted Rogers Jr.","Ted",1964-12-28,NA,"Male","Black",NA,"Software Development Manager","ESTP"
"77",77,"Helen Glover","Helen",1955-04-28,NA,"Female",NA,NA,"Navy Swim Instructor","ISTJ"
"78",78,"Jan Gentry","Jan",1948-10-31,NA,"Female",NA,NA,"Teacher","ENFP"
"79",79,"Clay Jordan","Clay",1955-12-30,NA,"Male",NA,NA,"Restaurant Owner","ESTP"
"80",80,"Brian Heidik","Brian",1968-03-09,NA,"Male",NA,NA,"Used Car Salesman","ISTP"
"81",81,"Ryan Aiken","Ryan",1979-02-13,NA,"Male",NA,NA,"Model","ESFP"
"82",82,"Janet Koth","Janet",1955-11-18,NA,"Female",NA,NA,"Homemaker","ISFJ"
"83",83,"Daniel Lue","Daniel",1975-11-29,NA,"Male","Asian","Chinese American","Tax Accountant","INFP"
"84",84,"JoAnna Ward","JoAnna",1971-04-29,NA,"Female","Black",NA,"Guidance Counselor","ISTJ"
"85",85,"Jeanne Hebert","Jeanne",1962-01-06,NA,"Female",NA,NA,"Marketing Director","ISTJ"
"86",86,"Shawna Mitchell","Shawna",1979-07-28,NA,"Female",NA,NA,"Retail Saleswoman","ENFP"
"87",87,"Roger Sexton","Roger",1946-09-26,NA,"Male",NA,NA,"Construction Company V.P.","ISTJ"
"88",88,"Dave Johnson","Dave",1979-01-16,NA,"Male",NA,NA,"Rocket Scientist","ISTJ"
"89",89,"Deena Bennett","Deena",1967-02-12,NA,"Female",NA,"Hispanic or Latino","Deputy District Attorney","ENTJ"
"90",90,"Alex Bell","Alex",1970-05-16,NA,"Male",NA,NA,"Triathlon Coach","ENFJ"
"91",91,"Christy Smith","Christy",1978-09-13,NA,"Female",NA,NA,"Children's Adventure Guide","INFP"
"92",92,"Heidi Strobel","Heidi",1978-10-29,NA,"Female",NA,NA,"Gym Teacher","ENTJ"
"93",93,"Butch Lockley","Butch",1952-08-28,NA,"Male",NA,NA,"Principal","ISFJ"
"94",94,"Rob Cesternino","Rob C.",1978-10-20,NA,"Male",NA,NA,"Computer Projects Coordinator","ENTP"
"95",95,"Matthew von Ertfelda","Matthew",1969-07-24,NA,"Male",NA,NA,"Restaurant Designer","INTP"
"96",96,"Jenna Morasca","Jenna M.",1981-02-15,NA,"Female",NA,NA,"Swimsuit Model","ISTP"
"97",97,"Nicole Delma","Nicole",1978-09-19,NA,"Female",NA,NA,"Massage Therapist","INTP"
"98",98,"Ryan Shoulders","Ryan S.",1980-03-28,NA,"Male",NA,NA,"Produce Clerk","INFP"
"99",99,"Lillian Morris","Lillian",1952-04-03,NA,"Female",NA,NA,"Scout Troop Leader","INFP"
"100",100,"Burton Roberts","Burton",1972-04-10,NA,"Male",NA,NA,"Marketing Executive","ISTJ"
"101",101,"Michelle Tesauro","Michelle",1981-01-16,NA,"Female",NA,NA,"Student","ENFP"
"102",102,"Trish Dunn","Trish",1960-10-29,NA,"Female",NA,NA,"Sales Executive","ENFJ"
"103",103,"Shawn Cohen","Shawn",1974-09-20,NA,"Male","White","Jewish","Advertising Sales","ESTP"
"104",104,"Osten Taylor","Osten",1975-12-10,NA,"Male","Black",NA,"Equity Trade Manager","ESFP"
"105",105,"Andrew Savage","Andrew",1963-07-29,NA,"Male",NA,NA,"Attorney","ESTJ"
"106",106,"Ryan Opray","Ryan O.",1972-08-06,NA,"Male",NA,NA,"Electrician","ISFJ"
"107",107,"Rupert Boneham","Rupert",1964-01-27,NA,"Male",NA,NA,"Troubled Teens Mentor","ESFJ"
"108",108,"Tijuana Bradley","Tijuana",1976-07-23,NA,"Female","Black",NA,"Pharmaceutical Sales","ESFP"
"109",109,"Christa Hastie","Christa",1978-11-06,NA,"Female",NA,NA,"Computer Programmer","ESFP"
"110",110,"Darrah Johnson","Darrah",1981-05-19,NA,"Female",NA,NA,"Mortician","ISTP"
"111",111,"Jon Dalton","Jonny Fairplay",1974-03-11,NA,"Male",NA,NA,"Art Consultant","ENTP"
"112",112,"Sandra Diaz-Twine","Sandra",1974-07-30,NA,"Female",NA,"Hispanic or Latino","Office Assistant;Case Manager","ESTP"
"113",113,"Brook Geraghty","Brook",1976-11-20,NA,"Male",NA,NA,"Document Manager","INTP"
"114",114,"Dolly Neely","Dolly",1978-11-18,NA,"Female",NA,NA,"Sheep Farmer","ISFP"
"115",115,"John Palyok","John P.",1973-05-13,NA,"Male",NA,NA,"Sales Manager","ESTP"
"116",116,"Mia Galeotalanza","Mia",1974-08-17,NA,"Female",NA,NA,"Bookkeeper","ESFP"
"117",117,"Brady Finta","Brady",1970-12-17,NA,"Male",NA,NA,"FBI Agent","ISTJ"
"118",118,"Travis Sampson","Travis",1971-02-19,NA,"Male",NA,NA,"Security Officer","ISFP"
"119",119,"Lisa Keiffer","Lisa",1960-05-03,NA,"Female",NA,NA,"Real Estate Agent","ESFJ"
"120",120,"John Kenney","John K.",1981-09-26,NA,"Male",NA,NA,"Mechanical Bull Operator","ESFP"
"121",121,"Rory Freeman","Rory",1968-10-30,NA,"Male","Black",NA,"Housing Case Manager","INTP"
"122",122,"Lea Masters","Lea",1964-03-28,NA,"Male",NA,NA,"Drill Sergeant","ESFJ"
"123",123,"James Crittenden","Chad",1969-08-08,NA,"Male",NA,NA,"Teacher","ESTP"
"124",124,"Leann Slaby","Leann",1969-07-08,NA,"Female",NA,NA,"Equity Research Assistant","INFJ"
"125",125,"Ami Cusack","Ami",1973-01-25,NA,"Female",NA,NA,"Coffee Barista;Nanny","ENTJ"
"126",126,"Julie Berry","Julie",1980-12-15,NA,"Female",NA,NA,"Youth Mentor","INFP"
"127",127,"Eliza Orlins","Eliza",1982-12-25,NA,"Female","White","Jewish","Pre-Law Student;Law School Student","ENTJ"
"128",128,"Scout Cloud Lee","Scout",1944-11-08,NA,"Female",NA,NA,"Rancher","INFJ"
"129",129,"Twila Tanner","Twila",1962-10-12,NA,"Female",NA,NA,"Highway Repair Worker","ISTJ"
"130",130,"Chris Daugherty","Chris",1970-08-29,NA,"Male",NA,NA,"Highway Construction Worker","ENTP"
"131",131,"Jonathan Libby","Jonathan",1981-09-05,NA,"Male",NA,NA,"Sales & Marketing Associate","ISTP"
"132",132,"Wanda Shirk","Wanda",1949-08-24,NA,"Female",NA,NA,"English Teacher","ENFP"
"133",133,"Jolanda Jones","Jolanda",1965-11-06,NA,"Female","Black",NA,"Lawyer","ESTJ"
"134",134,"Ashlee Ashby","Ashlee",1982-05-02,NA,"Female",NA,NA,"Student","ISFJ"
"135",135,"Jeff Wilson","Jeff",1983-02-09,NA,"Male",NA,NA,"Personal Trainer","ESFP"
"136",136,"Kimberly Mullen","Kim",1979-03-13,NA,"Female",NA,NA,"Graduate Student","INTJ"
"137",137,"Willard Smith","Willard",1947-11-30,NA,"Male",NA,NA,"Lawyer","INTP"
"138",138,"Angie Jakusz","Angie",1980-03-27,2021-01-08,"Female",NA,NA,"Bartender","INFP"
"139",139,"James Miller","James",1971-07-08,NA,"Male",NA,NA,"Steelworker","ESTP"
"140",140,"Ibrehem Rahman","Ibrehem",1977-03-04,NA,"Male","Black",NA,"Waiter","ISTJ"
"141",141,"Bobby Jon Drinkard","Bobby Jon",1977-05-10,NA,"Male",NA,NA,"Waiter","ISTP"
"142",142,"Coby Archa","Coby",1972-09-08,NA,"Male",NA,NA,"Hairstylist","ENFP"
"143",143,"Janu Tornell","Janu",1965-05-09,NA,"Female","Cuban American","Hispanic or Latino","Vegas Showgirl","INFP"
"144",144,"Stephenie LaGrossa","Stephenie",1979-12-06,NA,"Female",NA,NA,"Pharmaceutical Sales Representative","ESTJ"
"145",145,"Gregg Carey","Gregg",1977-01-09,NA,"Male",NA,NA,"Business Consultant","INTP"
"146",146,"Caryn Groedel","Caryn",1958-08-13,NA,"Female","White","Jewish","Civil Rights Lawyer","ISTJ"
"147",147,"Jennifer Lyon","Jenn",1972-02-27,2010-01-19,"Female",NA,NA,"Nanny","ISFP"
"148",148,"Ian Rosenberger","Ian",1981-08-24,NA,"Male",NA,NA,"Dolphin Trainer","ESFP"
"149",149,"Katie Gallagher","Katie",1975-05-28,NA,"Female",NA,NA,"Advertising Executive","ESFP"
"150",150,"Tom Westman","Tom",1964-01-04,NA,"Male",NA,NA,"NYC Firefighter;Motivational Speaker","ESTJ"
"151",151,"Jim Lynch","Jim",1942-01-07,NA,"Male",NA,NA,"Retired Fire Captain","ISTJ"
"152",152,"Morgan McDevitt","Morgan",1983-11-24,NA,"Female",NA,NA,"Magician's Assistant","INFP"
"153",153,"Brianna Varela","Brianna",1983-10-29,NA,"Female",NA,"Hispanic or Latino","Retail Salesperson","ENFP"
"154",154,"Brooke Struck","Brooke",1979-07-30,NA,"Female",NA,NA,"Law Student","ISTJ"
"155",155,"Blake Towsley","Blake",1981-05-05,NA,"Male",NA,NA,"Real Estate Broker","ESTP"
"156",156,"Margaret Bobonich","Margaret",1962-06-05,NA,"Female",NA,NA,"Nurse Practitioner","ESFJ"
"157",157,"Brian Corridan","Brian",1983-02-10,NA,"Male",NA,NA,"Ivy League Student","ENTP"
"158",158,"Amy O'Hara","Amy",1965-11-02,NA,"Female",NA,NA,"Police Sergeant","ESTP"
"159",159,"Brandon Bellinger","Brandon",1983-01-22,NA,"Male",NA,NA,"Farmer","ISTP"
"160",160,"Jamie Newton","Jamie",1981-01-26,NA,"Male",NA,NA,"Water Skiing Instructor","ISTP"
"161",161,"Gary Hogeboom","Gary",1958-08-21,NA,"Male",NA,NA,"Ex-NFL Quarterback","INFJ"
"162",162,"Judd Sergeant","Judd",1970-09-13,NA,"Male",NA,NA,"Hotel Doorman","ESTP"
"163",163,"Cindy Hall","Cindy",1974-06-28,NA,"Female",NA,NA,"Zookeeper","ISFP"
"164",164,"Lydia Morales","Lydia",1963-01-19,NA,"Female","Puerto Rican American","Hispanic or Latino","Fishmonger","ISFJ"
"165",165,"Rafe Judkins","Rafe",1983-01-08,NA,"Male",NA,NA,"Wilderness Guide","INFP"
"166",166,"Danni Boatwright","Danni",1975-07-13,NA,"Female",NA,NA,"Sports Radio Host;Owner of Sideline Chic","ENFJ"
"167",167,"Tina Scheer","Tina",1960-11-17,NA,"Female",NA,NA,"Lumberjill","ESTP"
"168",168,"Melinda Hyder","Melinda",1973-05-23,NA,"Female",NA,NA,"Singer/Entertainer","ESFJ"
"169",169,"Misty Giles","Misty",1981-02-25,NA,"Female",NA,NA,"Missile Engineer","INTP"
"170",170,"Ruth Marie Milliman","Ruth Marie",1957-04-11,NA,"Female",NA,NA,"Real Estate","ISFJ"
"171",171,"Bobby Mason","Bobby",1973-08-20,NA,"Male","Black",NA,"Attorney","ISTP"
"172",172,"Dan Barry","Dan",1953-12-30,NA,"Male",NA,NA,"Astronaut","ISFJ"
"173",173,"Nick Stanbury","Nick",1980-07-21,NA,"Male",NA,NA,"Financial Sales","ISFP"
"174",174,"Austin Carty","Austin",1981-04-29,NA,"Male",NA,NA,"Writer","INFP"
"175",175,"Sally Schumann","Sally",1978-12-10,NA,"Female",NA,NA,"Social Worker","INFP"
"176",176,"Bruce Kanegai","Bruce",1947-12-17,NA,"Male","Asian","Japanese American","Art Teacher","INFP"
"177",177,"Courtney Marit","Courtney",1974-05-24,NA,"Female",NA,NA,"Fire Dancer","ENFP"
"178",178,"Shane Powers","Shane",1970-11-28,NA,"Male",NA,NA,"Marketing Executive","ESFP"
"179",179,"Cirie Fields","Cirie",1970-07-18,NA,"Female","Black",NA,"Nurse","ENFJ"
"180",180,"Terry Deitz","Terry",1959-10-10,NA,"Male",NA,NA,"Pilot","ESTJ"
"181",181,"Danielle DiLorenzo","Danielle",1981-06-03,NA,"Female",NA,NA,"Medical Sales Rep.","ESFP"
"182",182,"Aras Baskauskas","Aras",1981-09-26,NA,"Male",NA,NA,"Yoga Instructor;Musician","INFP"
"183",183,"Sekou Bunch","Sekou",1960-09-09,NA,"Male","Black",NA,"Jazz Musician","ESFJ"
"184",184,"Virgilio Garcia","Billy",1970-04-22,NA,"Male",NA,"Hispanic or Latino","Heavy Metal Musician","INFJ"
"185",185,"Cecilia Mansilla","Cecilia",1977-01-13,NA,"Female","Peruvian American","Hispanic or Latino","Risk Consultant","ISTJ"
"186",186,"John Calderon","J.P.",1975-09-05,NA,"Male",NA,"Hispanic or Latino","Volleyball Pro","ESFP"
"187",187,"Stephannie Favor","Stephannie",1970-07-12,NA,"Female","Black",NA,"Nursing Student","ISFJ"
"188",188,"Anh-Tuan Bui","Cao Boi",1964-04-10,NA,"Male","Asian","Vietnamese American","Nail Salon Manager","ENFP"
"189",189,"Cristina Coria","Cristina",1971-04-18,NA,"Female",NA,"Hispanic or Latino","Police Officer","ISFJ"
"190",190,"Jessica Smith","Jessica",1979-01-22,NA,"Female","White",NA,"Roller Girl","ENFP"
"191",191,"Brad Virata","Brad",1976-11-23,NA,"Male","Asian","Asian American","Fashion Director","INFJ"
"192",192,"Rebecca Borman","Rebecca",1971-08-31,NA,"Female","Black",NA,"Make-Up Artist","ISFJ"
"193",193,"Jenny Guzon-Bae","Jenny",1970-05-08,NA,"Female","Asian","Filipino American","Real Estate Agent","ISTJ"
"194",194,"Nathan Gonzalez","Nate",1980-07-26,NA,"Male","Black","Hispanic or Latino","Shoe Salesman","ESTP"
"195",195,"Candice Cody","Candice",1982-11-12,NA,"Female",NA,NA,"Pre-Med Student;Physician/Anesthesiology Resident","ISTJ"
"196",196,"Jonathan Penner","Jonathan",1962-03-05,NA,"Male","White","Jewish","Writer","ENTP"
"197",197,"Parvati Shallow","Parvati",1982-09-21,NA,"Female","White",NA,"Boxer;Charity Organizer;Yoga Teacher/Life Coach/Speaker","ENFJ"
"198",198,"Adam Gentry","Adam",1978-08-21,NA,"Male","White",NA,"Copier Sales","ESTP"
"199",199,"Sundra Oakley","Sundra",1975-01-02,NA,"Female","Black",NA,"Actress","INFP"
"200",200,"Rebekah Lee","Becky",1977-09-11,NA,"Female","Asian","Korean American","Attorney","INTP"
"201",201,"Oscar Lusth","Ozzy",1981-08-23,NA,"Male","Mexican American","Hispanic or Latino","Waiter;Photographer","ISFP"
"202",202,"Yul Kwon","Yul",1975-02-14,NA,"Male","Asian","Korean American","Management Consultant;Product Management","INTJ"
"203",203,"Jessica deBen","Jessica",1979-04-25,NA,"Female",NA,NA,"Fashion Stylist","INFJ"
"204",204,"Erica Durousseau","Erica",1979-12-11,NA,"Female","Black",NA,"Non-Profit Fundraiser","ESFP"
"205",205,"Sylvia Kwan","Sylvia",1954-08-18,NA,"Female","Asian","Hong Konger American","Architect","ISTJ"
"206",206,"Gary Stritesky","Gary",1951-09-16,NA,"Male",NA,NA,"School Bus Driver","ISFJ"
"207",207,"Liliana Gomez","Liliana",1981-04-05,NA,"Female","Mexican American","Hispanic or Latino","Loan Officer","ISTJ"
"208",208,"Rita Verreos","Rita",1968-07-19,NA,"Female","Venezuelan American","Hispanic or Latino","Single Mom","ISFJ"
"209",209,"Anthony Robinson","Anthony",1974-06-25,NA,"Male","Black",NA,"Expert Witness Locator","INFP"
"210",210,"James Reid","Rocky",1978-09-11,NA,"Male",NA,NA,"Bartender","ESTP"
"211",211,"Lisette Linares","Lisi",1970-06-09,NA,"Female","Cuban American","Hispanic or Latino","Customer Service Rep.","ESFP"
"212",212,"Michelle Yi","Michelle",1983-12-02,NA,"Female","Asian","Taiwanese American","Student","ENFP"
"213",213,"Edgardo Rivera","Edgardo",1978-10-05,NA,"Male","Puerto Rican American","Hispanic or Latino","Ad Executive","ESTP"
"214",214,"Mookie Lee","Mookie",1981-11-10,NA,"Male","Asian","Korean American","Business Consultant","ESFP"
"215",215,"Alex Angarita","Alex",1978-04-20,NA,"Male","Colombian American","Hispanic or Latino","Attorney","ENTJ"
"216",216,"Stacy Kimball","Stacy",1979-10-01,NA,"Female","Asian","Korean American","Web Producer","INTJ"
"217",217,"Kenward Bernis","Boo",1972-06-21,NA,"Male",NA,NA,"Construction Worker","ISTP"
"218",218,"Yau-Man Chan","Yau-Man",1952-08-26,NA,"Male","Asian","Bornean American","Computer Engineer","INTP"
"219",219,"Andria Herd","Dreamz",1981-12-15,NA,"Male","Black",NA,"Cheerleading Coach","ESFP"
"220",220,"Cassandra Franklin","Cassandra",1964-04-19,NA,"Female","Black",NA,"College Administrator","ISFJ"
"221",221,"Earl Cole","Earl",1971-04-09,NA,"Male","Black",NA,"Ad Executive","INFJ"
"222",222,"Steve Morris","Chicken",1959-09-02,NA,"Male",NA,NA,"Chicken Farmer","ISFP"
"223",223,"Ashley Massaro","Ashley",1979-05-26,2019-05-16,"Female",NA,NA,"Professional Wrestler","ESFP"
"224",224,"Leslie Nease","Leslie",1969-03-25,NA,"Female",NA,NA,"Christian Radio Host","ENFP"
"225",225,"Dave Cruser","Dave",1969-10-26,NA,"Male",NA,NA,"Former Model","ESTP"
"226",226,"Aaron Reisberger","Aaron",1975-04-25,NA,"Male",NA,NA,"Surfing Instructor","ISTJ"
"227",227,"Sherea Lloyd","Sherea",1981-07-31,NA,"Female","Black",NA,"Elementary Teacher","ESFP"
"228",228,"Jaime Dugan","Jaime",1985-06-30,NA,"Female",NA,NA,"Student","ESFJ"
"229",229,"Jean-Robert Bellande","Jean-Robert",1970-09-17,NA,"Male",NA,NA,"Poker Player","INTP"
"230",230,"Michael Zernow","Frosti",1987-02-15,NA,"Male","Asian","Japanese Russian American","Student/Athlete","ESFP"
"231",231,"James Clement","James",1977-03-09,NA,"Male","Black",NA,"Gravedigger","ISTP"
"232",232,"Erik Huffman","Erik",1981-01-31,NA,"Male",NA,NA,"Musician","ISFP"
"233",233,"Peih-Gee Law","Peih-Gee",1978-04-07,NA,"Female","Asian",NA,"Jeweler","ENTP"
"234",234,"Denise Martin","Denise",1967-05-05,NA,"Female",NA,NA,"School Lunch Lady","ISFP"
"235",235,"Amanda Kimmel","Amanda",1984-08-03,NA,"Female",NA,NA,"Hiking Guide;Aspiring Designer","ISFP"
"236",236,"Courtney Yates","Courtney",1981-03-26,NA,"Female",NA,NA,"Waitress","ENTP"
"237",237,"Todd Herzog","Todd",1985-01-29,NA,"Male",NA,NA,"Flight Attendant","ENFP"
"238",238,"Mary Sartain","Mary",1978-11-11,NA,"Female",NA,NA,"Real Estate Manager","ISFJ"
"239",239,"Michael Bortone","Mikey B",1973-12-29,NA,"Male",NA,NA,"Aspiring Writer","ENTP"
"240",240,"Joel Anderson","Joel",1975-06-01,NA,"Male",NA,NA,"Firefighter","ESTJ"
"241",241,"Chet Welch","Chet",1959-10-22,NA,"Male",NA,NA,"Pageant Coach","INFP"
"242",242,"Kathleen Sleckman","Kathy",1962-08-14,NA,"Female",NA,NA,"Golf Course Vendor","ENFP"
"243",243,"Tracy Hughes-Wolf","Tracy",1964-07-09,NA,"Female",NA,NA,"Residential Builder","ENFJ"
"244",244,"Jason Siska","Jason",1985-03-04,NA,"Male",NA,NA,"Gymnastics Coach","ESFP"
"245",245,"Alexis Jones","Alexis",1983-07-06,NA,"Female",NA,NA,"Motivational Speaker","ENFJ"
"246",246,"Erik Reichenbach","Erik",1985-11-27,NA,"Male",NA,NA,"Ice Cream Scooper;Comic Book Artist","INTP"
"247",247,"Natalie Bolton","Natalie",1975-12-31,NA,"Female","Asian",NA,"Personal Trainer","INTJ"
"248",248,"Michelle Chase","Michelle",1984-03-07,NA,"Female",NA,NA,"Music Producer","INTP"
"249",249,"Gillian Larson","Gillian",1947-02-24,NA,"Female",NA,NA,"Retired Nurse","ENFP"
"250",250,"Paloma Soto-Castillo","Paloma",1984-08-24,NA,"Female","Chilean American","Hispanic or Latino","Student","ENFP"
"251",251,"Jacquie Berg","Jacquie",1982-09-10,NA,"Female",NA,NA,"Medical Sales","ENFJ"
"252",252,"Danny Brown","GC",1982-07-13,NA,"Male","Black",NA,"Maintenance Man","INFP"
"253",253,"Kelly Czarnecki","Kelly",1986-04-04,NA,"Female",NA,NA,"Retail Sales","INFP"
"254",254,"Ace Gordon","Ace",1980-09-03,NA,"Male",NA,NA,"Jewelry Sales and Photographer","INTJ"
"255",255,"Dan Kay","Dan",1976-06-30,2016-12-31,"Male",NA,NA,"Lawyer","ISFP"
"256",256,"Marcus Lehman","Marcus",1979-10-03,NA,"Male",NA,"Hispanic or Latino","Doctor","ENTJ"
"257",257,"Charlie Herschel","Charlie",1979-05-12,NA,"Male","White","Jewish","Lawyer","ENFP"
"258",258,"Randy Bailey","Randy",1959-03-31,NA,"Male",NA,NA,"Wedding Videographer","INTJ"
"259",259,"Corinne Kaplan","Corinne",1979-01-17,NA,"Female","White","Jewish","Pharmaceutical Sales;Clinical Consultant","ENTJ"
"260",260,"Crystal Cox","Crystal",1979-03-28,NA,"Female","Black",NA,"Former Olympic Athlete","ESFP"
"261",261,"Ken Hoang","Ken",1985-10-10,NA,"Male","Asian","Vietnamese American","Professional Gamer","INTP"
"262",262,"Matty Whitmore","Matty",1978-12-18,NA,"Male",NA,NA,"Personal Trainer","ESFP"
"263",263,"Jessica Kiper","Sugar",1979-02-22,NA,"Female",NA,NA,"Pin-Up Model","ENFP"
"264",264,"Susie Smith","Susie",1960-10-24,NA,"Female",NA,"Hispanic or Latino","Hairdresser","ISFJ"
"265",265,"Robert Crowley","Bob",1951-02-25,NA,"Male",NA,NA,"Physics Teacher","INTP"
"266",266,"Carolina Eastwood","Carolina",1981-10-27,NA,"Female","Panamanian American","Hispanic or Latino","Bartender","ESTJ"
"267",267,"Candace Smith","Candace",1977-02-01,NA,"Female","Black",NA,"Attorney","ISTJ"
"268",268,"Jerry Sims","Jerry",1959-05-18,NA,"Male","Black",NA,"Sgt - U.S. Army","ISTJ"
"269",269,"Sandy Burgin","Sandy",1955-07-01,NA,"Female",NA,NA,"Bus Driver","ESFP"
"270",270,"Spencer Duhm","Spencer",1989-12-20,NA,"Male",NA,NA,"Student","INFP"
"271",271,"Sydney Wheeler","Sydney",1984-05-11,NA,"Female",NA,NA,"Model","ISFP"
"272",272,"Joe Dowdle","Joe",1982-06-29,NA,"Male",NA,NA,"Real Estate Sales","ISTJ"
"273",273,"Brendan Synnott","Brendan",1978-09-28,NA,"Male",NA,NA,"Entrepreneur","ENTP"
"274",274,"Tyson Apostol","Tyson",1979-06-17,NA,"Male",NA,NA,"Former Professional Cyclist/Missionary;Shop Manager","ESTP"
"275",275,"Sierra Reed","Sierra",1985-09-29,NA,"Female",NA,NA,"Model","INFP"
"276",276,"Debra Beebe","Debbie",1962-09-28,NA,"Female",NA,NA,"Middle School Principal","ESFJ"
"277",277,"Benjamin Wade","Coach",1971-09-18,NA,"Male",NA,NA,"Soccer Coach/Musician","ENFJ"
"278",278,"Tamara Johnson-George","Taj",1971-04-29,NA,"Female","Black",NA,"Former Pop Star","ENFJ"
"279",279,"Erinn Lobdell","Erinn",1982-10-21,NA,"Female",NA,NA,"Hairstylist","ENFP"
"280",280,"Stephen Fishbach","Stephen",1979-01-24,NA,"Male","White","Jewish","Corporate Consultant","INTP"
"281",281,"James Thomas Jr.","J.T.",1984-06-23,NA,"Male",NA,NA,"Cattle Rancher","ESTP"
"282",282,"Marisa Calihan","Marisa",1983-07-26,NA,"Female",NA,NA,"Student","INFP"
"283",283,"Mike Borassi","Mike",1947-03-13,NA,"Male",NA,NA,"Personal Chef","ESTP"
"284",284,"Betsy Bolan","Betsy",1961-03-20,NA,"Female",NA,NA,"Police Officer","ESTJ"
"285",285,"Ben Browning","Ben",1980-08-28,NA,"Male",NA,NA,"Bar Manager","ESTP"
"286",286,"Yasmin Giles","Yasmin",1975-08-29,NA,"Female","Black",NA,"Hairstylist","ESFP"
"287",287,"Ashley Trainer","Ashley",1987-02-27,NA,"Female",NA,NA,"Spa Sales","ENFP"
"288",288,"Russell Swan","Russell S.",1967-02-17,NA,"Male","Black",NA,"Attorney","ESFJ"
"289",289,"Elizabeth Kim","Liz",1975-11-24,NA,"Female","Asian","Korean American","Urban Planner","INTP"
"290",290,"Erik Cardona","Erik",1981-04-13,NA,"Male",NA,"Hispanic or Latino","Bartender","ENTP"
"291",291,"Kelly Sharbaugh","Kelly",1983-12-26,NA,"Female",NA,NA,"Hairstylist","ISFP"
"292",292,"Laura Morett","Laura M.",1969-07-30,NA,"Female",NA,NA,"Office Manager;Fitness Instructor","ENFJ"
"293",293,"John Fincher","John",1983-08-16,NA,"Male",NA,"Hispanic or Latino","Rocket Scientist","INTP"
"294",294,"Dave Ball","Dave",1970-08-13,NA,"Male",NA,NA,"Fitness Instructor","INTP"
"295",295,"Monica Padilla","Monica",1984-07-14,NA,"Female",NA,"Hispanic or Latino","Law Student","ENFP"
"296",296,"Shannon Waters","Shambo",1964-04-25,NA,"Female",NA,NA,"Sales","ESFP"
"297",297,"Jaison Robinson","Jaison",1980-09-25,NA,"Male","Black",NA,"Law Student","INTJ"
"298",298,"Brett Clouser","Brett",1985-12-27,NA,"Male",NA,NA,"T-Shirt Designer","ISFP"
"299",299,"Mick Trimming","Mick",1976-05-10,NA,"Male",NA,NA,"Doctor","INTP"
"300",300,"Russell Hantz","Russell H.",1972-10-10,NA,"Male",NA,NA,"Oil Company Owner","ESTJ"
"301",301,"Natalie White","Natalie",1983-04-22,NA,"Female",NA,NA,"Pharmaceutical Sales","ISFJ"
"302",302,"Wendy-Jo DeSmidt-Kohlhoff","Wendy",1961-12-13,NA,"Female",NA,NA,"Goat Rancher","ISFP"
"303",303,"Shannon Elkins","Shannon",1979-12-04,NA,"Male",NA,NA,"Pest Control Company Owner","ESTJ"
"304",304,"Jimmy Johnson","Jimmy J.",1943-07-16,NA,"Male",NA,NA,"Former NFL Coach","ESFJ"
"305",305,"James Tarantino","Jimmy T.",1962-09-07,NA,"Male",NA,NA,"Commercial Fisherman","ESTP"
"306",306,"Tyrone Davis","Tyrone",1967-09-24,NA,"Male","Black",NA,"Fire Captain","ESTJ"
"307",307,"Kelly Bruno","Kelly B.",1984-03-23,NA,"Female",NA,NA,"Medical Student","ISFP"
"308",308,"Yve Rojas","Yve",1969-03-09,NA,"Female",NA,"Hispanic or Latino","Homemaker","ISFJ"
"309",309,"Jill Behm","Jill",1967-01-18,NA,"Female",NA,NA,"ER Doctor","ISTJ"
"310",310,"Alina Wilson","Alina",1987-02-20,NA,"Female",NA,NA,"Art Student","INFP"
"311",311,"Marty Piombo","Marty",1961-11-11,NA,"Male",NA,NA,"Technology Executive","ENTJ"
"312",312,"Brenda Lowe","Brenda",1982-11-03,NA,"Female","Asian","Hispanic or Latino","Paddleboard Company Owner","INTJ"
"313",313,"NaOnka Mixon","NaOnka",1983-02-17,NA,"Female","Black",NA,"PE Teacher","ESTP"
"314",314,"Kelly Shinn","Purple Kelly",1990-05-05,NA,"Female",NA,NA,"Nursing Student","ENFP"
"315",315,"Ben Henry","Benry",1986-06-25,NA,"Male",NA,NA,"Club Promoter","ESTP"
"316",316,"Jane Bright","Jane",1953-12-13,NA,"Female",NA,NA,"Dog Trainer","ISTP"
"317",317,"Dan Lembo","Dan",1946-11-05,NA,"Male",NA,NA,"Real Estate Executive","ISTP"
"318",318,"Holly Hoffman","Holly",1966-03-15,NA,"Female",NA,NA,"Swim Coach","ENFJ"
"319",319,"Matthew Lenahan","Sash",1979-11-22,NA,"Male","Black",NA,"Real Estate Broker","ENTJ"
"320",320,"Chase Rice","Chase",1985-09-19,NA,"Male",NA,NA,"Pro Racecar Jackman","ISFP"
"321",321,"Jud Birza","Fabio",1989-06-12,NA,"Male",NA,NA,"Student","ESFP"
"322",322,"Francesca Hogi","Francesca",1973-11-03,NA,"Female","Black",NA,"Attorney","INFJ"
"323",323,"Matt Elrod","Matt",1988-10-02,NA,"Male",NA,NA,"Pre-Med Student","INFP"
"324",324,"Kristina Kell","Kristina",1964-12-26,NA,"Female",NA,NA,"Law Student","INTP"
"325",325,"Krista Klumpp","Krista",1985-07-27,NA,"Female",NA,NA,"Pharmaceutical Representative","ISFP"
"326",326,"Stephanie Valencia","Stephanie",1985-02-03,NA,"Female",NA,"Hispanic or Latino","Waitress","ESFP"
"327",327,"Sarita White","Sarita",1974-10-02,NA,"Female",NA,NA,"Visual Effects Producer","INTP"
"328",328,"Mike Chiesl","Mike",1979-09-15,NA,"Male",NA,NA,"Iraq War Veteran","ISFJ"
"329",329,"David Murphy","David",1979-07-16,NA,"Male",NA,NA,"Defense Attorney","INTJ"
"330",330,"Julie Wolfe","Julie",1960-05-11,NA,"Female",NA,NA,"Firefighter","ISTJ"
"331",331,"Ralph Kiser","Ralph",1965-10-27,NA,"Male",NA,NA,"Farmer","ESTP"
"332",332,"Steve Wright","Steve",1959-04-08,NA,"Male",NA,NA,"Ex-NFL Player","ISFJ"
"333",333,"Andrea Boehlke","Andrea",1989-05-10,NA,"Female",NA,NA,"Student;Entertainment Host/Writer","ENFP"
"334",334,"Grant Mattos","Grant",1981-03-12,NA,"Male",NA,NA,"Ex-NFL Player","ISFP"
"335",335,"Ashley Underwood","Ashley",1985-02-08,NA,"Female",NA,NA,"Nurse","ESTP"
"336",336,"Natalie Tenerelli","Natalie",1991-05-06,NA,"Female",NA,NA,"Professional Dancer","ISFP"
"337",337,"Phillip Sheppard","Phillip",1958-03-12,NA,"Male","Black",NA,"Former Federal Agent;Software Sales","ESTJ"
"338",338,"Semhar Tadesse","Semhar",1986-09-12,NA,"Female","Black","Eritrean","Spoken Word Artist","ENFP"
"339",339,"Christine Shields Markoski","Christine",1971-06-17,NA,"Female",NA,"Hispanic or Latino","Teacher","ESTP"
"340",340,"Mark Caruso","Papa Bear",1963-07-07,NA,"Male",NA,NA,"Retired NYPD Detective","ESFJ"
"341",341,"Stacey Powell","Stacey",1967-11-21,NA,"Female","Black",NA,"Mortician","ISTJ"
"342",342,"Elyse Umemoto","Elyse",1984-05-10,NA,"Female","Asian","Hispanic or Latino","Dance Team Manager","ENFP"
"343",343,"Mikayla Wingle","Mikayla",1989-05-31,NA,"Female",NA,NA,"Lingerie Football Player","ISFP"
"344",344,"Keith Tollefson","Keith",1985-10-01,NA,"Male",NA,NA,"Water Treatment Tech","ISFP"
"345",345,"Jim Rice","Jim",1975-09-14,NA,"Male",NA,NA,"Medical Marijuana Dispenser","ENTP"
"346",346,"Dawn Meehan","Dawn",1970-06-29,NA,"Female",NA,NA,"English Professor","ESFJ"
"347",347,"Whitney Duncan","Whitney",1984-08-03,NA,"Female",NA,NA,"Country Music Singer","ESFP"
"348",348,"John Cochran","Cochran",1987-01-17,NA,"Male","White","Jewish","Harvard Law Student","INTP"
"349",349,"Edna Ma","Edna",1975-08-22,NA,"Female","Asian",NA,"Anesthesiologist","ISTJ"
"350",350,"Brandon Hantz","Brandon",1991-10-15,NA,"Male",NA,NA,"Oil Tanker Crewman;Chemical Disposal","ESFP"
"351",351,"Rick Nelson","Rick",1959-10-24,NA,"Male",NA,NA,"Rancher","ISFJ"
"352",352,"Albert Destrade","Albert",1985-03-31,NA,"Male","Black","Hispanic or Latino","Baseball/Dating Coach足足足足","ENTJ"
"353",353,"Sophie Clarke","Sophie",1989-07-10,NA,"Female",NA,NA,"Medical Student;Healthcare Consultant","INTJ"
"354",354,"Kourtney Moon","Kourtney",1982-02-27,NA,"Female",NA,NA,"Motorcycle Repair","ISFP"
"355",355,"Nina Acosta","Nina",1960-04-03,NA,"Female",NA,NA,"Retired LAPD Officer","ISTJ"
"356",356,"Matt Quinlan","Matt",1978-04-05,NA,"Male",NA,NA,"Attorney","ENTJ"
"357",357,"Bill Posley","Bill",1983-09-28,NA,"Male","Black",NA,"Stand-Up Comedian","ENFP"
"358",358,"Monica Culpepper","Monica",1970-06-15,NA,"Female",NA,NA,"Ex-NFL Player's Wife;Homemaker","ESFJ"
"359",359,"Colton Cumbie","Colton",1990-11-22,NA,"Male",NA,NA,"Student;Student Teacher","ESFP"
"360",360,"Jonas Otsuji","Jonas",1974-03-25,NA,"Male","Asian",NA,"Sushi Chef","ENTP"
"361",361,"Michael Jefferson","Michael",1981-08-29,NA,"Male",NA,NA,"Banker","ISTJ"
"362",362,"Jay Byars","Jay",1986-11-05,NA,"Male",NA,NA,"Model","ISFP"
"363",363,"Leif Manson","Leif",1984-02-01,NA,"Male",NA,NA,"Phlebotomist","ISFP"
"364",364,"Troy Robertson","Troyzan",1961-07-30,NA,"Male",NA,NA,"Swimsuit Photographer","ESFP"
"365",365,"Kat Edorsson","Kat",1989-06-22,NA,"Female",NA,NA,"Timeshare Representative;Full Time Student/Sales","ENFP"
"366",366,"Greg Smith","Tarzan",1947-12-12,NA,"Male",NA,NA,"Plastic Surgeon","INTP"
"367",367,"Alicia Rosa","Alicia",1987-01-11,NA,"Female",NA,"Hispanic or Latino","Special Education Teacher","ESTJ"
"368",368,"Christina Cha","Christina",1982-09-26,NA,"Female","Asian",NA,"Career Consultant","INFP"
"369",369,"Chelsea Meissner","Chelsea",1985-06-13,NA,"Female",NA,NA,"Medical Sales","ISFP"
"370",370,"Sabrina Thompson","Sabrina",1978-03-06,NA,"Female","Black",NA,"High School Teacher","ENFJ"
"371",371,"Kim Spradlin-Wolfe","Kim",1983-01-30,NA,"Female",NA,NA,"Bridal Shop Owner;Interior Designer","INFJ"
"372",372,"Zane Knight","Zane",1984-02-20,NA,"Male",NA,NA,"Tire Repair","ENTP"
"373",373,"Roxanne Morris","Roxy",1984-06-03,NA,"Female","Black",NA,"Seminary Student","ESFP"
"374",374,"Angie Layton","Angie",1991-10-08,NA,"Female",NA,NA,"Model/Student","INFP"
"375",375,"Dana Lambert","Dana",1979-12-13,NA,"Female",NA,NA,"Cosmetologist","ISTP"
"376",376,"Sarah Dawson","Dawson",1983-11-15,NA,"Female","Black",NA,"Insurance Sales","ENFP"
"377",377,"Katie Hanson","Katie",1989-11-29,NA,"Female",NA,NA,"Former Miss Delaware","ENTP"
"378",378,"Roberta Saint-Amour","RC",1985-05-10,NA,"Female",NA,"Jewish","Investment Banker","ENTJ"
"379",379,"Jeff Kent","Jeff",1968-03-07,NA,"Male",NA,NA,"Retired MLB Player","ISTP"
"380",380,"Artis Silvester","Artis",1959-04-18,NA,"Male","Black",NA,"Computer Engineer","ISTJ"
"381",381,"Peter Yurkowski","Pete",1988-03-03,NA,"Male",NA,NA,"Engineering Graduate","INTP"
"382",382,"Carter Williams","Carter",1987-05-26,NA,"Male",NA,NA,"Track Coach","ISFP"
"383",383,"Abi-Maria Gomes","Abi-Maria",1979-10-21,NA,"Female","Brazilian","Hispanic or Latino","Business Student","ESFP"
"384",384,"Malcolm Freberg","Malcolm",1987-05-07,NA,"Male",NA,NA,"Bartender","ENTP"
"385",385,"Lisa Whelchel","Lisa",1963-05-29,NA,"Female",NA,NA,"Former TV Teen Star","INFP"
"386",386,"Denise Stapley","Denise",1971-01-01,NA,"Female",NA,NA,"Sex Therapist","INFJ"
"387",387,"Alexandra Pohevitz","Allie",1987-12-24,NA,"Female",NA,NA,"Bartender","ESTP"
"388",388,"Hope Driskill","Hope",1989-07-06,NA,"Female",NA,NA,"Pre-Law Student","ISFP"
"389",389,"Shamar Thomas","Shamar",1985-09-27,NA,"Male","Black",NA,"Iraq War Veteran","INFP"
"390",390,"Laura Alexander","Laura",1989-09-12,NA,"Female",NA,NA,"Administrative Officer","ENTP"
"391",391,"Matt Bischoff","Matt",1974-04-04,NA,"Male",NA,NA,"BMX Bike Sales","INFP"
"392",392,"Julia Landauer","Julia",1991-11-12,NA,"Female",NA,NA,"Racecar Driver","ISTJ"
"393",393,"Michael Snow","Michael",1968-08-30,NA,"Male",NA,NA,"Event Planner","INFJ"
"394",394,"Reynold Toepfer","Reynold",1982-10-06,NA,"Male",NA,NA,"Real Estate Sales","ESTP"
"395",395,"Edward Fox","Eddie",1989-04-15,NA,"Male",NA,NA,"Fireman/EMT","ESFP"
"396",396,"Sherri Biethman","Sherri",1971-09-09,NA,"Female",NA,NA,"Fast Food Franchisee","ESFJ"
"397",397,"Laura Boneham","Laura B.",1968-08-29,NA,"Female",NA,NA,"Merchandiser",NA
"398",398,"Marissa Peterson","Marissa",1991-09-25,NA,"Female","Black",NA,"Student","ESTJ"
"399",399,"Rachel Foulger","Rachel",1979-07-28,NA,"Female",NA,NA,"Cocktail Waitress/Graphic Designer","ISFJ"
"400",400,"John Cody","John",1983-05-12,NA,"Male",NA,NA,"Physician, Army Orthopedic Surgery Resident","ISFJ"
"401",401,"Brad Culpepper","Brad",1969-05-08,NA,"Male",NA,NA,"Attorney/Retired NFL Player","ESTJ"
"402",402,"Vytas Baskauskas","Vytas",1979-12-08,NA,"Male",NA,NA,"Yoga Instructor/Math Professor","INFJ"
"403",403,"Caleb Bankston","Caleb",1987-03-26,2014-06-24,"Male",NA,NA,"Post Office Manager/Farmer","ISTP"
"404",404,"Katie Collins","Katie",1987-06-27,NA,"Female",NA,NA,"Hedge Fund Support","INTP"
"405",405,"Hayden Moss","Hayden",1986-05-27,NA,"Male",NA,NA,"Real Estate","ESFP"
"406",406,"Ciera Eastin","Ciera",1989-03-05,NA,"Female",NA,NA,"Cosmetology Student","INFP"
"407",407,"David Samson","David",1968-02-26,NA,"Male","White","Jewish","Miami Marlins President","ENTJ"
"408",408,"Garrett Adelstein","Garrett",1986-05-16,NA,"Male","White","Jewish","Pro Poker Player","INTP"
"409",409,"Brice Johnston","Brice",1986-02-20,NA,"Male","Black",NA,"Social Worker","ENFP"
"410",410,"J'Tia Taylor","J'Tia",1981-09-01,NA,"Female","Black",NA,"Nuclear Engineer","ENTJ"
"411",411,"Cliff Robinson","Cliff",1966-12-16,2020-08-29,"Male","Black",NA,"Former NBA All-Star","ISTP"
"412",412,"Lindsey Ogle","Lindsey",1983-09-04,NA,"Female",NA,NA,"Hairstylist","ESFP"
"413",413,"Alexis Maxwell","Alexis",1992-03-17,NA,"Female",NA,"Hispanic or Latino","Student","ENFP"
"414",414,"Sarah Lacina","Sarah",1984-07-09,NA,"Female",NA,NA,"Police Officer","ENTJ"
"415",415,"Morgan McLeod","Morgan",1992-07-09,NA,"Female",NA,NA,"Ex-NFL Cheerleader","ISFP"
"416",416,"LJ McKanas","LJ",1979-01-08,NA,"Male",NA,NA,"Horse Trainer","ISTP"
"417",417,"Jeremiah Wood","Jeremiah",1979-06-15,NA,"Male",NA,NA,"Male Model","ISFP"
"418",418,"Jefra Bland","Jefra",1990-07-02,NA,"Male",NA,NA,"Miss Kentucky Teen USA","ISFJ"
"419",419,"Latasha Fox","Tasha",1977-01-03,NA,"Female","Black",NA,"Accountant","ENFJ"
"420",420,"Trish Hegarty","Trish",1965-10-09,NA,"Male",NA,NA,"Pilates Trainer","ENFJ"
"421",421,"Spencer Bledsoe","Spencer",1992-06-12,NA,"Male",NA,NA,"Economics Student","INTJ"
"422",422,"Kassandra McQuillen","Kass",1971-11-08,NA,"Female",NA,NA,"Attorney","INTJ"
"423",423,"Yung Hwang","Woo",1984-03-16,NA,"Male","Asian",NA,"Martial Arts Instructor","ISFP"
"424",424,"Tony Vlachos","Tony",1973-09-10,NA,"Male",NA,NA,"Police Officer","ESTP"
"425",425,"Nadiya Anderson","Nadiya",1986-04-11,NA,"Female","Asian",NA,"Crossfit Coach/Project Coordinator","ESFP"
"426",426,"Val Collins","Val",1978-11-08,NA,"Female","Black",NA,"Foxboro Police Officer","INTJ"
"427",427,"John Rocker","John",1974-10-17,NA,"Male",NA,NA,"Former MLB Player","ESTP"
"428",428,"Drew Christy","Drew",1989-05-18,NA,"Male",NA,NA,"Traveling Sales Representative","ESTP"
"429",429,"Kelley Wentworth","Kelley",1986-06-07,NA,"Female",NA,NA,"Marketing Manager","ENTP"
"430",430,"Dale Wentworth","Dale",1959-03-07,NA,"Male",NA,NA,"Farmer","ISTJ"
"431",431,"Julie McGee","Julie",1980-01-24,NA,"Female",NA,NA,"Model/Owner of Spray Tan Business","ISFP"
"432",432,"Josh Canfield","Josh",1981-07-01,NA,"Male",NA,NA,"Singer/Actor/Writer","INFJ"
"433",433,"Jeremy Collins","Jeremy",1978-04-16,NA,"Male","Black",NA,"Cambridge Firefighter","ESTJ"
"434",434,"Wes Nale","Wes",1990-06-19,NA,"Male",NA,NA,"Firefighter","ISTP"
"435",435,"Reed Kelly","Reed",1982-09-05,NA,"Male",NA,NA,"Broadway Performer/Model/Aerialist","ENTJ"
"436",436,"Alec Christy","Alec",1991-09-07,NA,"Male",NA,NA,"Student","ISFP"
"437",437,"Jon Misch","Jon",1988-03-29,NA,"Male",NA,NA,"Financial Assistant","ESFP"
"438",438,"Baylor Wilson","Baylor",1994-01-25,NA,"Male",NA,NA,"Student","ESFP"
"439",439,"Keith Nale","Keith",1960-08-16,NA,"Male",NA,NA,"Fire Captain","ISTP"
"440",440,"Missy Payne","Missy",1967-06-10,NA,"Female",NA,NA,"Competitive Cheerleading Gym Owner","ESFJ"
"441",441,"Jaclyn Schultz","Jaclyn",1988-08-16,NA,"Female",NA,NA,"Media Buyer","ESFP"
"442",442,"Natalie Anderson","Natalie",1986-04-11,NA,"Female","Asian",NA,"Crossfit Coach/Physical Therapy Student;CrossFit Trainer","ESTP"
"443",443,"So Kim","So",1983-01-13,NA,"Female","Asian",NA,"Retail Buyer","INTJ"
"444",444,"Vince Sly","Vince",1982-02-16,NA,"Male",NA,NA,"Coconut Vendor","INFP"
"445",445,"Nina Poersch","Nina",1963-01-17,NA,"Female","Asian",NA,"Hearing Advocate","ISFJ"
"446",446,"Lindsey Cascaddan","Lindsey",1989-08-24,NA,"Female",NA,NA,"Hairdresser","ENFP"
"447",447,"Max Dawson","Max",1977-03-31,NA,"Male","White","Jewish","Media Consultant","ENTP"
"448",448,"Joaquin Souberbielle","Joaquin",1986-08-16,NA,"Male",NA,"Hispanic or Latino","Marketing Director","ISTP"
"449",449,"Kelly Remington","Kelly",1970-04-27,NA,"Female",NA,NA,"State Trooper","ISTJ"
"450",450,"Hali Ford","Hali",1989-07-20,NA,"Female",NA,NA,"Law Student","INFP"
"451",451,"Joe Anglim","Joe",1988-09-30,NA,"Male",NA,NA,"Jewelry Designer;Multimedia Artist","ISFP"
"452",452,"Jenn Brown","Jenn",1992-01-27,NA,"Female",NA,NA,"Sailing Instructor","ESTP"
"453",453,"Shirin Oskooi","Shirin",1983-02-25,NA,"Female","Asian",NA,"Yahoo! Executive","ENFP"
"454",454,"Tyler Fredrickson","Tyler",1981-02-26,NA,"Male",NA,NA,"Ex-Talent Agent Assistant","ENFP"
"455",455,"Dan Foley","Dan",1967-02-05,NA,"Male",NA,NA,"Postal Worker","ESTJ"
"456",456,"Sierra Dawn Thomas","Sierra",1986-12-18,NA,"Female",NA,NA,"Barrel Racer","ISFJ"
"457",457,"Rodney Lavoie Jr.","Rodney",1989-09-02,NA,"Male",NA,NA,"General Contractor","ESTJ"
"458",458,"Will Sims II","Will",1972-08-13,NA,"Male","Black",NA,"YouTube Sensation","ISFP"
"459",459,"Carolyn Rivera","Carolyn",1961-10-07,NA,"Female",NA,NA,"Corporate Executive","ENTP"
"460",460,"Mike Holloway","Mike",1976-07-25,NA,"Male",NA,NA,"Oil Driller","ESTP"
"461",461,"Darnell Hamilton","Darnell",1988-02-08,NA,"Male","Black",NA,"Postal Worker","ISFP"
"462",462,"Jennifer Lanzetti","Jennifer",1977-07-14,NA,"Female",NA,NA,"Contractor","ESTP"
"463",463,"Elisabeth Markham","Liz",1988-08-14,NA,"Female",NA,NA,"Quantitative Strategist","INTJ"
"464",464,"Caleb Reynolds","Caleb",1987-11-27,NA,"Male",NA,NA,"Army Veteran","ESFP"
"465",465,"Alecia Holden","Alecia",1991-08-03,NA,"Female",NA,NA,"Real Estate Agent","ESFP"
"466",466,"Anna Khait","Anna",1988-09-17,NA,"Female",NA,NA,"Pro Poker Player","ENFP"
"467",467,"Peter Baggenstos","Peter",1980-07-21,NA,"Male","Black",NA,"ER Doctor","ENTJ"
"468",468,"Neal Gottlieb","Neal",1977-02-03,NA,"Male",NA,NA,"Ice Cream Entrepreneur","INTP"
"469",469,"Nick Maiorano","Nick",1985-01-28,NA,"Male",NA,NA,"Personal Trainer","INTP"
"470",470,"Debbie Wanner","Debbie",1965-11-21,NA,"Female",NA,NA,"Chemist","ENTP"
"471",471,"Scot Pollard","Scot",1975-02-12,NA,"Male",NA,NA,"Former NBA Champion","ESTJ"
"472",472,"Julia Sokolowski","Julia",1996-04-08,NA,"Female",NA,NA,"College Student","ENFP"
"473",473,"Kyle Jason","Jason",1984-07-16,NA,"Male",NA,NA,"Bounty Hunter","ESTJ"
"474",474,"Joseph Del Campo","Joe",1943-07-04,NA,"Male",NA,NA,"Former FBI Agent","ISTJ"
"475",475,"Cydney Gillon","Cydney",1992-09-14,NA,"Female","Black",NA,"Bodybuilder","ISTP"
"476",476,"Tai Trang","Tai",1964-03-23,NA,"Male","Asian",NA,"Gardener","INFP"
"477",477,"Aubry Bracco","Aubry",1985-11-14,NA,"Female",NA,NA,"Social Media Marketer;Marketing Director","INFJ"
"478",478,"Michele Fitzgerald","Michele",1990-05-05,NA,"Female",NA,NA,"Bartender;Business Development Manager","ESFP"
"479",479,"Rachel Ako","Rachel",1978-09-08,NA,"Female","Asian",NA,"Recruiting Director","ENFP"
"480",480,"Mari Takahashi","Mari",1984-11-02,NA,"Female","Asian",NA,"Gamer","ESFP"
"481",481,"Paul Wachter","Paul",1963-10-10,NA,"Male",NA,NA,"Boat Mechanic","ESTJ"
"482",482,"Lucy Huang","Lucy",1973-09-22,NA,"Female","Asian",NA,"Dietician","ISTJ"
"483",483,"Ciandre Taylor","CeCe",1977-03-02,NA,"Female","Black",NA,"Insurance Adjuster","ISFJ"
"484",484,"Jessica Figueroa","Figgy",1992-12-12,NA,"Female",NA,"Hispanic or Latino","Bartender","ESFP"
"485",485,"Michaela Bradshaw","Michaela",1990-12-01,NA,"Female","Black",NA,"Vacation Club Sales","ISTJ"
"486",486,"Michelle Schubert","Michelle",1988-03-11,NA,"Female",NA,NA,"Missionary Recruiter","INFP"
"487",487,"Taylor Lee Stocker","Taylor",1991-11-20,NA,"Male",NA,NA,"Snowboard Instructor","INFP"
"488",488,"Chris Hammons","Chris",1978-04-01,NA,"Male",NA,NA,"Trial Lawyer","ISTJ"
"489",489,"Jessica Lewis","Jessica",1979-02-24,NA,"Female",NA,NA,"Assistant District Attorney","ENFJ"
"490",490,"Zeke Smith","Zeke",1988-01-25,NA,"Male",NA,NA,"Asset Manager","INTP"
"491",491,"Will Wahl","Will",1997-08-12,NA,"Male",NA,NA,"High School Student","INTP"
"492",492,"Sunday Burquest","Sunday",1971-02-06,2021-04-18,"Female",NA,NA,"Youth Pastor","ENFJ"
"493",493,"Justin Starrett","Jay",1989-06-03,NA,"Male",NA,"Hispanic or Latino","Real Estate Agent","ESTP"
"494",494,"Bret LaBelle","Bret",1973-08-20,NA,"Male",NA,NA,"Police Sergeant","ESFJ"
"495",495,"David Wright","David",1974-02-28,NA,"Male",NA,NA,"Television Writer","INFP"
"496",496,"Hannah Shapiro","Hannah",1992-02-24,NA,"Female","White","Jewish","Barista","ENFP"
"497",497,"Ken McNickle","Ken",1982-09-20,NA,"Male",NA,NA,"Model","ISFP"
"498",498,"Adam Klein","Adam",1991-01-15,NA,"Male","White","Jewish","Homeless Shelter Manager;Keynote Speaker and Host","ENTP"
"499",499,"Katrina Radke","Katrina",1970-12-17,NA,"Female",NA,NA,"Olympian","ENFP"
"500",500,"Simone Nguyen","Simone",1991-05-31,NA,"Female","Asian",NA,"Diversity Advocate","INTP"
"501",501,"Patrick Bolton","Patrick",1992-03-06,NA,"Male",NA,NA,"Small Business Owner","ESTP"
"502",502,"Alan Ball","Alan",1985-03-29,NA,"Male","Black",NA,"NFL Player","ISTP"
"503",503,"Roark Luskin","Roark",1989-11-30,NA,"Female",NA,NA,"Social Worker","ENTP"
"504",504,"Alexandrea Elliott","Ali",1992-11-13,NA,"Female","Black",NA,"Celebrity Assistant","INFJ"
"505",505,"Jessica Johnston","Jessica",1987-04-05,NA,"Female",NA,NA,"Nurse Practitioner","ENFP"
"506",506,"Desiree Williams","Desi",1989-06-14,NA,"Female","Black",NA,"Phyiscal Therapist","ESFJ"
"507",507,"Cole Medders","Cole",1992-09-18,NA,"Male",NA,NA,"Wilderness Therapy Guide","ISFP"
"508",508,"John Hilsabeck","JP",1988-06-22,NA,"Male",NA,NA,"Firefighter","ISFP"
"509",509,"Joe Mena","Joe",1983-03-15,NA,"Male",NA,"Hispanic or Latino","Probation Officer","ESTJ"
"510",510,"Lauren Rimmer","Lauren",1982-03-06,NA,"Female",NA,NA,"Fisherman","ISTJ"
"511",511,"Ashley Nolan","Ashley",1990-09-17,NA,"Female",NA,NA,"Lifeguard","ESFP"
"512",512,"Mike Zahalsky","Mike",1973-09-11,NA,"Male","White","Jewish","Urologist","ENFP"
"513",513,"Devon Pinto","Devon",1993-03-06,NA,"Male",NA,"Hispanic or Latino","Surf Instructor","INFJ"
"514",514,"Ryan Ulrich","Ryan",1993-09-08,NA,"Male",NA,NA,"Bellhop","ENFP"
"515",515,"Chrissy Hofbeck","Chrissy",1971-03-09,NA,"Female",NA,NA,"Actuary","ENTJ"
"516",516,"Ben Driebergen","Ben",1983-01-01,NA,"Male",NA,NA,"Marine;Real Estate/Stay-at-home Dad","ESFP"
"517",517,"Stephanie Gonzalez","Gonzalez",1991-04-22,NA,"Female",NA,"Hispanic or Latino","Graphic Sales","ESTJ"
"518",518,"Jacob Derwin","Jacob",1995-06-01,NA,"Male","White","Jewish","Music Teacher","INFP"
"519",519,"Morgan Ricke","Morgan",1987-08-07,NA,"Female",NA,NA,"Marine Animal Trainer","ENFP"
"520",520,"Brendan Shapiro","Brendan",1976-06-17,NA,"Male",NA,NA,"Physical Education Teacher","ENFJ"
"521",521,"Stephanie Johnson","Stephanie",1982-09-10,NA,"Female",NA,NA,"Yoga Instructor","ENFP"
"522",522,"James Lim","James",1993-03-17,NA,"Male","Asian","Korean American","Business Analyst","INTJ"
"523",523,"Bradley Kleihege","Bradley",1990-09-14,NA,"Male",NA,NA,"Law Student","ENTJ"
"524",524,"Chris Noble","Chris",1989-12-04,NA,"Male",NA,NA,"Male Model","ESTJ"
"525",525,"Libby Vincek","Libby",1992-08-24,NA,"Female",NA,NA,"Social Media Strategist","ESFJ"
"526",526,"Desiree Afuye","Desiree",1996-02-03,NA,"Female","Black",NA,"Student","ESFP"
"527",527,"Jenna Bowman","Jenna",1993-11-10,NA,"Female",NA,NA,"Advertising Account Executive","ISTJ"
"528",528,"Michael Yerger","Michael",1998-07-20,NA,"Male",NA,NA,"Real Estate Agent","INFJ"
"529",529,"Chelsea Townsend","Chelsea",1992-05-25,NA,"Female",NA,NA,"EMT/Pro Cheerleader","ISFP"
"530",530,"Kellyn Bechtold","Kellyn",1986-11-01,NA,"Female",NA,NA,"Career Counselor","ESFJ"
"531",531,"Sebastian Noel","Sebastian",1994-07-20,NA,"Male",NA,NA,"Fishing Guide","ESFP"
"532",532,"Donathan Hurley","Donathan",1991-07-19,NA,"Male",NA,NA,"Caretaker","ENFP"
"533",533,"Angela Perkins","Angela",1974-11-02,NA,"Female",NA,NA,"Army Veteran","ISTJ"
"534",534,"Laurel Johnson","Laurel",1988-02-29,NA,"Female","Black",NA,"Financial Consultant","INTP"
"535",535,"Domenick Abbate","Domenick",1978-10-31,NA,"Male",NA,NA,"Construction Supervisor","ESTP"
"536",536,"Wendell Holland","Wendell",1984-03-08,NA,"Male","Black",NA,"Furniture Company Owner;Furniture Designer","INFJ"
"537",537,"Pat Cusack","Pat",1977-02-25,NA,"Male",NA,NA,"Maintenance Manager","ESTP"
"538",538,"Jessica Peet","Jessica",1998-10-22,NA,"Female",NA,NA,"Waitress","ENFP"
"539",539,"Jeremy Crawford","Jeremy",1978-04-26,NA,"Male","Black",NA,"Attorney","ENFJ"
"540",540,"Bi Nguyen","Bi",1989-10-30,NA,"Female","Asian",NA,"MMA Fighter","ISFP"
"541",541,"Natalia Azoqa","Natalia",1992-04-02,NA,"Female","Asian",NA,"Industrial Engineer","ESTJ"
"542",542,"Natalie Cole","Natalie",1961-02-26,NA,"Female","Black",NA,"Publishing CEO","ESTJ"
"543",543,"Lyrsa Torres","Lyrsa",1981-09-12,NA,"Female",NA,"Hispanic","Airline Agent","ISFP"
"544",544,"Elizabeth Olson","Elizabeth",1987-01-22,NA,"Female",NA,NA,"Kitchen Staff","ESTP"
"545",545,"John Hennigan","John",1979-10-03,NA,"Male",NA,NA,"Pro Wrestler","INFJ"
"546",546,"Dan Rengering","Dan",1990-04-07,NA,"Male",NA,NA,"S.W.A.T. Officer","ESFP"
"547",547,"Alec Merlino","Alec",1993-10-15,NA,"Male",NA,NA,"Bartender","ESFP"
"548",548,"Carl Boudreaux","Carl",1976-10-29,NA,"Male","Black",NA,"Truck Driver","ISFJ"
"549",549,"Gabby Pascuzzi","Gabby",1993-03-23,NA,"Female","Asian",NA,"Technical Writer","INFP"
"550",550,"Christian Hubicki","Christian",1985-12-06,NA,"Male",NA,NA,"Robotics Scientist","ENFP"
"551",551,"Davie Rickenbacker","Davie",1987-09-14,NA,"Male","Black",NA,"Social Media Manager","ENFP"
"552",552,"Alison Raybould","Alison",1989-07-12,NA,"Female",NA,NA,"Physician","ENFJ"
"553",553,"Kara Kay","Kara",1987-11-20,NA,"Female",NA,NA,"Realtor","ENFJ"
"554",554,"Angelina Keeley","Angelina",1989-07-06,NA,"Female",NA,"Hispanic or Latino","Financial Consultant","ENTJ"
"555",555,"Mike White","Mike",1970-06-28,NA,"Male",NA,NA,"Filmmaker","INFP"
"556",556,"Nick Wilson","Nick",1990-06-11,NA,"Male",NA,NA,"Public Defender;Attorney","ENTP"
"557",557,"Reem Daly","Reem",1971-07-08,NA,"Female",NA,NA,"Sales Representative","ESTP"
"558",558,"Keith Sowell","Keith",1998-07-16,NA,"Male","Black",NA,"Pre-Med Student","INFP"
"559",559,"Chris Underwood","Chris",1992-10-06,NA,"Male",NA,"Hispanic or Latino","District Sales Manager","ENTP"
"560",560,"Rick Devens","Rick",1984-04-05,NA,"Male",NA,NA,"Morning News Anchor","ENTP"
"561",561,"Wendy Diaz","Wendy",1992-09-26,NA,"Female",NA,"Hispanic or Latino","Small Business Owner","ENFP"
"562",562,"Eric Hafemann","Eric",1983-04-13,NA,"Male",NA,NA,"Firefighter","ESTP"
"563",563,"Julia Carter","Julia",1993-04-18,NA,"Female","Black",NA,"Medical Assistant","ESFJ"
"564",564,"Dan DaSilva","Wardog",1980-03-31,NA,"Male",NA,NA,"Law Student/Former Military","ENTP"
"565",565,"Ron Clark","Ron",1971-10-24,NA,"Male",NA,NA,"Teacher",NA
"566",566,"Aurora McCreary","Aurora",1985-12-21,NA,"Female",NA,NA,"Divorce Lawyer","ISTP"
"567",567,"Victoria Baamonde","Victoria",1994-07-18,NA,"Female",NA,"Hispanic or Latino","Waitress","INTP"
"568",568,"Lauren O'Connell","Lauren",1996-10-25,NA,"Female",NA,NA,"Student","ESFP"
"569",569,"Julie Rosenberg","Julie",1971-10-09,NA,"Female","White","Jewish","Toymaker","ENFP"
"570",570,"Gavin Whitson","Gavin",1994-07-20,NA,"Male",NA,NA,"YMCA Program Director","ISFJ"
"571",571,"Ronnie Bardah","Ronnie",1982-08-29,NA,"Male","Asian, Black","Jewish","Professional Poker Player","ISTP"
"572",572,"Molly Byman","Molly",1990-10-05,NA,"Female",NA,NA,"Law Student","INTJ"
"573",573,"Vince Moua","Vince",1991-04-09,NA,"Male","Asian","Hmong","Admissions Counselor","ENFP"
"574",574,"Chelsea Walker","Chelsea",1992-03-10,NA,"Female",NA,NA,"Digital Content Creator","ENTP"
"575",575,"Tom Laidlaw","Tom",1958-04-15,NA,"Male",NA,NA,"Former NHL Player","ESFJ"
"576",576,"Jason Linden","Jason",1986-08-04,NA,"Male","White","Jewish","Personal Injury Lawyer","ENTP"
"577",577,"Jack Nichting","Jack",1995-06-05,NA,"Male",NA,NA,"Graduate Student","ENFP"
"578",578,"Kellee Kim","Kellee",1989-10-17,NA,"Female","Asian",NA,"MBA Student","INTP"
"579",579,"Jamal Shipman","Jamal",1985-05-09,NA,"Male","Black","Hispanic or Latino","College Administrator","ENFJ"
"580",580,"Aaron Meredith","Aaron",1982-12-16,NA,"Male","Black",NA,"Gym Owner","ESTJ"
"581",581,"Missy Byrd","Missy",1994-07-01,NA,"Female","Black",NA,"Air Force Veteran","INTJ"
"582",582,"Elizabeth Beisel","Elizabeth",1992-08-18,NA,"Female",NA,NA,"Olympic Medalist","ENFJ"
"583",583,"Karishma Patel","Karishma",1981-12-07,NA,"Female","Asian",NA,"Personal Injury Lawyer","INFP"
"584",584,"Elaine Stott","Elaine",1978-01-13,NA,"Female",NA,NA,"Factory Worker","ENFP"
"585",585,"Dan Spilo","Dan",1970-06-28,NA,"Male",NA,NA,"Talent Manager","ENTJ"
"586",586,"Janet Carbin","Janet",1959-06-15,NA,"Female",NA,NA,"Chief Lifeguard","ENFJ"
"587",587,"Lauren Beck","Lauren",1989-11-16,NA,"Female","Black",NA,"Nanny","ENFP"
"588",588,"Noura Salman","Noura",1982-08-23,NA,"Female","Asian",NA,"Entrepreneur","ENFP"
"589",589,"Dean Kowalski","Dean",1990-04-12,NA,"Male",NA,NA,"Tech Sales","ISTP"
"590",590,"Tommy Sheehan","Tommy",1992-10-26,NA,"Male",NA,NA,"4th Grade Teacher","ENFJ"
"591",591,"Eric Abraham","Abraham",1970-06-10,NA,"Male","Black",NA,"Cyber Security Analyst","ESTJ"
"592",592,"Sara Wilson","Sara",1997-06-28,NA,"Female",NA,NA,"Healthcare Consultant","INTJ"
"593",593,"Heather Aldret","Heather",1969-03-01,NA,"Female",NA,NA,"Stay-at-home Mom","ISFJ"
"594",594,"Erika Casupanan","Erika",1989-07-20,NA,"Female","Asian",NA,"Communications Manager","ENFP"
"595",595,"Genie Chen","Genie",1975-03-04,NA,"Female","Asian",NA,"Grocery Clerk","ISFP"
"596",596,"Ricard Foye","Ricard",1989-12-04,NA,"Male",NA,"Hispanic or Latino","Flight Attendant","ENTJ"
"597",597,"Xander Hastings","Xander",2000-08-11,NA,"Male",NA,NA,"App Developer","INFJ"
"598",598,"Evvie Jagoda","Evvie",1992-10-26,NA,"Non-binary","White","Jewish","Ph.D. Student","ENFP"
"599",599,"Danny McCray","Danny",1988-03-10,NA,"Male","Black",NA,"Ex-NFL Player","INFJ"
"600",600,"Naseer Muttalif","Naseer",1984-06-21,NA,"Male","Asian","Sri Lankan","Sales Manager","ESFJ"
"601",601,"Deshawn Radden","Deshawn",1995-09-17,NA,"Male","Black",NA,"Medical Student","ENTP"
"602",602,"Brad Reese","Brad",1971-07-21,NA,"Male",NA,NA,"Rancher","ESFP"
"603",603,"Jairus Robinson","JD",2001-03-18,NA,"Male","Black",NA,"College Student","ESFP"
"604",604,"Tiffany Seely","Tiffany",1973-12-08,NA,"Female","White","Jewish","Teacher","ENTP"
"605",605,"Sydney Segal","Sydney",1995-07-19,NA,"Female","White","Jewish","Law Student","ESTP"
"606",606,"Shantel Smith","Shan",1987-03-11,NA,"Female","Black",NA,"Pastor","ENFJ"
"607",607,"David Voce","Voce",1986-05-01,NA,"Male",NA,NA,"Neurosurgeon","ENTJ"
"608",608,"Liana Wallace","Liana",2000-10-25,NA,"Female","Black","Jewish","College Student","ESTJ"
