"","season_name","season","castaway","finalist","vote","castaway_id","finalist_id"
"1","Survivor: 41",41,"Heather","Deshawn",0,593,601
"2","Survivor: 41",41,"Ricard","Deshawn",0,596,601
"3","Survivor: 41",41,"Danny","Deshawn",1,599,601
"4","Survivor: 41",41,"Liana","Deshawn",0,608,601
"5","Survivor: 41",41,"Shan","Deshawn",0,606,601
"6","Survivor: 41",41,"Evvie","Deshawn",0,598,601
"7","Survivor: 41",41,"Naseer","Deshawn",0,600,601
"8","Survivor: 41",41,"Tiffany","Deshawn",0,604,601
"9","Survivor: 41",41,"Heather","Erika",1,593,594
"10","Survivor: 41",41,"Ricard","Erika",1,596,594
"11","Survivor: 41",41,"Danny","Erika",0,599,594
"12","Survivor: 41",41,"Liana","Erika",1,608,594
"13","Survivor: 41",41,"Shan","Erika",1,606,594
"14","Survivor: 41",41,"Evvie","Erika",1,598,594
"15","Survivor: 41",41,"Naseer","Erika",1,600,594
"16","Survivor: 41",41,"Tiffany","Erika",1,604,594
"17","Survivor: 41",41,"Heather","Xander",0,593,597
"18","Survivor: 41",41,"Ricard","Xander",0,596,597
"19","Survivor: 41",41,"Danny","Xander",0,599,597
"20","Survivor: 41",41,"Liana","Xander",0,608,597
"21","Survivor: 41",41,"Shan","Xander",0,606,597
"22","Survivor: 41",41,"Evvie","Xander",0,598,597
"23","Survivor: 41",41,"Naseer","Xander",0,600,597
"24","Survivor: 41",41,"Tiffany","Xander",0,604,597
"25","Survivor: Winners at War",40,"Adam","Michele",0,498,478
"26","Survivor: Winners at War",40,"Amber","Michele",0,27,478
"27","Survivor: Winners at War",40,"Ben","Michele",0,516,478
"28","Survivor: Winners at War",40,"Danni","Michele",0,166,478
"29","Survivor: Winners at War",40,"Denise","Michele",0,386,478
"30","Survivor: Winners at War",40,"Ethan","Michele",0,48,478
"31","Survivor: Winners at War",40,"Jeremy","Michele",0,433,478
"32","Survivor: Winners at War",40,"Kim","Michele",0,371,478
"33","Survivor: Winners at War",40,"Nick","Michele",0,556,478
"34","Survivor: Winners at War",40,"Parvati","Michele",0,197,478
"35","Survivor: Winners at War",40,"Boston Rob","Michele",0,55,478
"36","Survivor: Winners at War",40,"Sarah","Michele",0,414,478
"37","Survivor: Winners at War",40,"Sophie","Michele",0,353,478
"38","Survivor: Winners at War",40,"Tyson","Michele",0,274,478
"39","Survivor: Winners at War",40,"Wendell","Michele",0,536,478
"40","Survivor: Winners at War",40,"Yul","Michele",0,202,478
"41","Survivor: Winners at War",40,"Adam","Natalie",0,498,442
"42","Survivor: Winners at War",40,"Amber","Natalie",0,27,442
"43","Survivor: Winners at War",40,"Ben","Natalie",0,516,442
"44","Survivor: Winners at War",40,"Danni","Natalie",0,166,442
"45","Survivor: Winners at War",40,"Denise","Natalie",0,386,442
"46","Survivor: Winners at War",40,"Ethan","Natalie",1,48,442
"47","Survivor: Winners at War",40,"Jeremy","Natalie",1,433,442
"48","Survivor: Winners at War",40,"Kim","Natalie",0,371,442
"49","Survivor: Winners at War",40,"Nick","Natalie",0,556,442
"50","Survivor: Winners at War",40,"Parvati","Natalie",1,197,442
"51","Survivor: Winners at War",40,"Boston Rob","Natalie",0,55,442
"52","Survivor: Winners at War",40,"Sarah","Natalie",0,414,442
"53","Survivor: Winners at War",40,"Sophie","Natalie",0,353,442
"54","Survivor: Winners at War",40,"Tyson","Natalie",1,274,442
"55","Survivor: Winners at War",40,"Wendell","Natalie",0,536,442
"56","Survivor: Winners at War",40,"Yul","Natalie",0,202,442
"57","Survivor: Winners at War",40,"Adam","Tony",1,498,424
"58","Survivor: Winners at War",40,"Amber","Tony",1,27,424
"59","Survivor: Winners at War",40,"Ben","Tony",1,516,424
"60","Survivor: Winners at War",40,"Danni","Tony",1,166,424
"61","Survivor: Winners at War",40,"Denise","Tony",1,386,424
"62","Survivor: Winners at War",40,"Ethan","Tony",0,48,424
"63","Survivor: Winners at War",40,"Jeremy","Tony",0,433,424
"64","Survivor: Winners at War",40,"Kim","Tony",1,371,424
"65","Survivor: Winners at War",40,"Nick","Tony",1,556,424
"66","Survivor: Winners at War",40,"Parvati","Tony",0,197,424
"67","Survivor: Winners at War",40,"Boston Rob","Tony",1,55,424
"68","Survivor: Winners at War",40,"Sarah","Tony",1,414,424
"69","Survivor: Winners at War",40,"Sophie","Tony",1,353,424
"70","Survivor: Winners at War",40,"Tyson","Tony",0,274,424
"71","Survivor: Winners at War",40,"Wendell","Tony",1,536,424
"72","Survivor: Winners at War",40,"Yul","Tony",1,202,424
"73","Survivor: Island of the Idols",39,"Aaron","Dean",1,580,589
"74","Survivor: Island of the Idols",39,"Elaine","Dean",0,584,589
"75","Survivor: Island of the Idols",39,"Elizabeth","Dean",1,582,589
"76","Survivor: Island of the Idols",39,"Jack","Dean",0,577,589
"77","Survivor: Island of the Idols",39,"Jamal","Dean",0,579,589
"78","Survivor: Island of the Idols",39,"Janet","Dean",0,586,589
"79","Survivor: Island of the Idols",39,"Karishma","Dean",0,583,589
"80","Survivor: Island of the Idols",39,"Kellee","Dean",0,578,589
"81","Survivor: Island of the Idols",39,"Lauren","Dean",0,587,589
"82","Survivor: Island of the Idols",39,"Missy","Dean",0,581,589
"83","Survivor: Island of the Idols",39,"Aaron","Noura",0,580,588
"84","Survivor: Island of the Idols",39,"Elaine","Noura",0,584,588
"85","Survivor: Island of the Idols",39,"Elizabeth","Noura",0,582,588
"86","Survivor: Island of the Idols",39,"Jack","Noura",0,577,588
"87","Survivor: Island of the Idols",39,"Jamal","Noura",0,579,588
"88","Survivor: Island of the Idols",39,"Janet","Noura",0,586,588
"89","Survivor: Island of the Idols",39,"Karishma","Noura",0,583,588
"90","Survivor: Island of the Idols",39,"Kellee","Noura",0,578,588
"91","Survivor: Island of the Idols",39,"Lauren","Noura",0,587,588
"92","Survivor: Island of the Idols",39,"Missy","Noura",0,581,588
"93","Survivor: Island of the Idols",39,"Aaron","Tommy",0,580,590
"94","Survivor: Island of the Idols",39,"Elaine","Tommy",1,584,590
"95","Survivor: Island of the Idols",39,"Elizabeth","Tommy",0,582,590
"96","Survivor: Island of the Idols",39,"Jack","Tommy",1,577,590
"97","Survivor: Island of the Idols",39,"Jamal","Tommy",1,579,590
"98","Survivor: Island of the Idols",39,"Janet","Tommy",1,586,590
"99","Survivor: Island of the Idols",39,"Karishma","Tommy",1,583,590
"100","Survivor: Island of the Idols",39,"Kellee","Tommy",1,578,590
"101","Survivor: Island of the Idols",39,"Lauren","Tommy",1,587,590
"102","Survivor: Island of the Idols",39,"Missy","Tommy",1,581,590
"103","Survivor: Edge of Extinction",38,"Aubry","Chris",1,477,559
"104","Survivor: Edge of Extinction",38,"Aurora","Chris",0,566,559
"105","Survivor: Edge of Extinction",38,"David","Chris",1,495,559
"106","Survivor: Edge of Extinction",38,"Eric","Chris",1,562,559
"107","Survivor: Edge of Extinction",38,"Joe","Chris",1,451,559
"108","Survivor: Edge of Extinction",38,"Julia","Chris",1,563,559
"109","Survivor: Edge of Extinction",38,"Kelley","Chris",0,429,559
"110","Survivor: Edge of Extinction",38,"Lauren","Chris",0,568,559
"111","Survivor: Edge of Extinction",38,"Reem","Chris",1,557,559
"112","Survivor: Edge of Extinction",38,"Rick","Chris",0,560,559
"113","Survivor: Edge of Extinction",38,"Ron","Chris",1,565,559
"114","Survivor: Edge of Extinction",38,"Victoria","Chris",1,567,559
"115","Survivor: Edge of Extinction",38,"Wardog","Chris",1,564,559
"116","Survivor: Edge of Extinction",38,"Aubry","Gavin",0,477,570
"117","Survivor: Edge of Extinction",38,"Aurora","Gavin",1,566,570
"118","Survivor: Edge of Extinction",38,"David","Gavin",0,495,570
"119","Survivor: Edge of Extinction",38,"Eric","Gavin",0,562,570
"120","Survivor: Edge of Extinction",38,"Joe","Gavin",0,451,570
"121","Survivor: Edge of Extinction",38,"Julia","Gavin",0,563,570
"122","Survivor: Edge of Extinction",38,"Kelley","Gavin",1,429,570
"123","Survivor: Edge of Extinction",38,"Lauren","Gavin",1,568,570
"124","Survivor: Edge of Extinction",38,"Reem","Gavin",0,557,570
"125","Survivor: Edge of Extinction",38,"Rick","Gavin",1,560,570
"126","Survivor: Edge of Extinction",38,"Ron","Gavin",0,565,570
"127","Survivor: Edge of Extinction",38,"Victoria","Gavin",0,567,570
"128","Survivor: Edge of Extinction",38,"Wardog","Gavin",0,564,570
"129","Survivor: Edge of Extinction",38,"Aubry","Julie",0,477,569
"130","Survivor: Edge of Extinction",38,"Aurora","Julie",0,566,569
"131","Survivor: Edge of Extinction",38,"David","Julie",0,495,569
"132","Survivor: Edge of Extinction",38,"Eric","Julie",0,562,569
"133","Survivor: Edge of Extinction",38,"Joe","Julie",0,451,569
"134","Survivor: Edge of Extinction",38,"Julia","Julie",0,563,569
"135","Survivor: Edge of Extinction",38,"Kelley","Julie",0,429,569
"136","Survivor: Edge of Extinction",38,"Lauren","Julie",0,568,569
"137","Survivor: Edge of Extinction",38,"Reem","Julie",0,557,569
"138","Survivor: Edge of Extinction",38,"Rick","Julie",0,560,569
"139","Survivor: Edge of Extinction",38,"Ron","Julie",0,565,569
"140","Survivor: Edge of Extinction",38,"Victoria","Julie",0,567,569
"141","Survivor: Edge of Extinction",38,"Wardog","Julie",0,564,569
"142","Survivor: David vs. Goliath",37,"Alec","Angelina",0,547,554
"143","Survivor: David vs. Goliath",37,"Alison","Angelina",0,552,554
"144","Survivor: David vs. Goliath",37,"Carl","Angelina",0,548,554
"145","Survivor: David vs. Goliath",37,"Christian","Angelina",0,550,554
"146","Survivor: David vs. Goliath",37,"Dan","Angelina",0,546,554
"147","Survivor: David vs. Goliath",37,"Davie","Angelina",0,551,554
"148","Survivor: David vs. Goliath",37,"Elizabeth","Angelina",0,544,554
"149","Survivor: David vs. Goliath",37,"Gabby","Angelina",0,549,554
"150","Survivor: David vs. Goliath",37,"John","Angelina",0,545,554
"151","Survivor: David vs. Goliath",37,"Kara","Angelina",0,553,554
"152","Survivor: David vs. Goliath",37,"Alec","Mike",0,547,555
"153","Survivor: David vs. Goliath",37,"Alison","Mike",1,552,555
"154","Survivor: David vs. Goliath",37,"Carl","Mike",0,548,555
"155","Survivor: David vs. Goliath",37,"Christian","Mike",1,550,555
"156","Survivor: David vs. Goliath",37,"Dan","Mike",0,546,555
"157","Survivor: David vs. Goliath",37,"Davie","Mike",0,551,555
"158","Survivor: David vs. Goliath",37,"Elizabeth","Mike",0,544,555
"159","Survivor: David vs. Goliath",37,"Gabby","Mike",0,549,555
"160","Survivor: David vs. Goliath",37,"John","Mike",0,545,555
"161","Survivor: David vs. Goliath",37,"Kara","Mike",1,553,555
"162","Survivor: David vs. Goliath",37,"Alec","Nick",1,547,556
"163","Survivor: David vs. Goliath",37,"Alison","Nick",0,552,556
"164","Survivor: David vs. Goliath",37,"Carl","Nick",1,548,556
"165","Survivor: David vs. Goliath",37,"Christian","Nick",0,550,556
"166","Survivor: David vs. Goliath",37,"Dan","Nick",1,546,556
"167","Survivor: David vs. Goliath",37,"Davie","Nick",1,551,556
"168","Survivor: David vs. Goliath",37,"Elizabeth","Nick",1,544,556
"169","Survivor: David vs. Goliath",37,"Gabby","Nick",1,549,556
"170","Survivor: David vs. Goliath",37,"John","Nick",1,545,556
"171","Survivor: David vs. Goliath",37,"Kara","Nick",0,553,556
"172","Survivor: Ghost Island",36,"Angela","Domenick",0,533,535
"173","Survivor: Ghost Island",36,"Chelsea","Domenick",0,529,535
"174","Survivor: Ghost Island",36,"Chris","Domenick",1,524,535
"175","Survivor: Ghost Island",36,"Desiree","Domenick",1,526,535
"176","Survivor: Ghost Island",36,"Donathan","Domenick",0,532,535
"177","Survivor: Ghost Island",36,"Jenna","Domenick",1,527,535
"178","Survivor: Ghost Island",36,"Kellyn","Domenick",0,530,535
"179","Survivor: Ghost Island",36,"Laurel","Domenick",0,534,535
"180","Survivor: Ghost Island",36,"Libby","Domenick",1,525,535
"181","Survivor: Ghost Island",36,"Michael","Domenick",1,528,535
"182","Survivor: Ghost Island",36,"Sebastian","Domenick",0,531,535
"183","Survivor: Ghost Island",36,"Angela","Laurel",0,533,534
"184","Survivor: Ghost Island",36,"Chelsea","Laurel",0,529,534
"185","Survivor: Ghost Island",36,"Chris","Laurel",0,524,534
"186","Survivor: Ghost Island",36,"Desiree","Laurel",0,526,534
"187","Survivor: Ghost Island",36,"Donathan","Laurel",0,532,534
"188","Survivor: Ghost Island",36,"Jenna","Laurel",0,527,534
"189","Survivor: Ghost Island",36,"Kellyn","Laurel",0,530,534
"190","Survivor: Ghost Island",36,"Laurel","Laurel",0,534,534
"191","Survivor: Ghost Island",36,"Libby","Laurel",0,525,534
"192","Survivor: Ghost Island",36,"Michael","Laurel",0,528,534
"193","Survivor: Ghost Island",36,"Sebastian","Laurel",0,531,534
"194","Survivor: Ghost Island",36,"Angela","Wendell",1,533,536
"195","Survivor: Ghost Island",36,"Chelsea","Wendell",1,529,536
"196","Survivor: Ghost Island",36,"Chris","Wendell",0,524,536
"197","Survivor: Ghost Island",36,"Desiree","Wendell",0,526,536
"198","Survivor: Ghost Island",36,"Donathan","Wendell",1,532,536
"199","Survivor: Ghost Island",36,"Jenna","Wendell",0,527,536
"200","Survivor: Ghost Island",36,"Kellyn","Wendell",1,530,536
"201","Survivor: Ghost Island",36,"Laurel","Wendell",1,534,536
"202","Survivor: Ghost Island",36,"Libby","Wendell",0,525,536
"203","Survivor: Ghost Island",36,"Michael","Wendell",0,528,536
"204","Survivor: Ghost Island",36,"Sebastian","Wendell",1,531,536
"205","Survivor: Heroes vs. Healers vs. Hustlers",35,"Ashley","Ben",0,511,516
"206","Survivor: Heroes vs. Healers vs. Hustlers",35,"Cole","Ben",1,507,516
"207","Survivor: Heroes vs. Healers vs. Hustlers",35,"Desi","Ben",1,506,516
"208","Survivor: Heroes vs. Healers vs. Hustlers",35,"Devon","Ben",0,513,516
"209","Survivor: Heroes vs. Healers vs. Hustlers",35,"Joe","Ben",1,509,516
"210","Survivor: Heroes vs. Healers vs. Hustlers",35,"JP","Ben",1,508,516
"211","Survivor: Heroes vs. Healers vs. Hustlers",35,"Lauren","Ben",1,510,516
"212","Survivor: Heroes vs. Healers vs. Hustlers",35,"Mike","Ben",0,512,516
"213","Survivor: Heroes vs. Healers vs. Hustlers",35,"Ashley","Chrissy",1,511,515
"214","Survivor: Heroes vs. Healers vs. Hustlers",35,"Cole","Chrissy",0,507,515
"215","Survivor: Heroes vs. Healers vs. Hustlers",35,"Desi","Chrissy",0,506,515
"216","Survivor: Heroes vs. Healers vs. Hustlers",35,"Devon","Chrissy",0,513,515
"217","Survivor: Heroes vs. Healers vs. Hustlers",35,"Joe","Chrissy",0,509,515
"218","Survivor: Heroes vs. Healers vs. Hustlers",35,"JP","Chrissy",0,508,515
"219","Survivor: Heroes vs. Healers vs. Hustlers",35,"Lauren","Chrissy",0,510,515
"220","Survivor: Heroes vs. Healers vs. Hustlers",35,"Mike","Chrissy",1,512,515
"221","Survivor: Heroes vs. Healers vs. Hustlers",35,"Ashley","Ryan",0,511,514
"222","Survivor: Heroes vs. Healers vs. Hustlers",35,"Cole","Ryan",0,507,514
"223","Survivor: Heroes vs. Healers vs. Hustlers",35,"Desi","Ryan",0,506,514
"224","Survivor: Heroes vs. Healers vs. Hustlers",35,"Devon","Ryan",1,513,514
"225","Survivor: Heroes vs. Healers vs. Hustlers",35,"Joe","Ryan",0,509,514
"226","Survivor: Heroes vs. Healers vs. Hustlers",35,"JP","Ryan",0,508,514
"227","Survivor: Heroes vs. Healers vs. Hustlers",35,"Lauren","Ryan",0,510,514
"228","Survivor: Heroes vs. Healers vs. Hustlers",35,"Mike","Ryan",0,512,514
"229","Survivor: Game Changers",34,"Andrea","Brad",0,333,401
"230","Survivor: Game Changers",34,"Aubry","Brad",0,477,401
"231","Survivor: Game Changers",34,"Cirie","Brad",0,179,401
"232","Survivor: Game Changers",34,"Debbie","Brad",1,470,401
"233","Survivor: Game Changers",34,"Hali","Brad",0,450,401
"234","Survivor: Game Changers",34,"Michaela","Brad",0,485,401
"235","Survivor: Game Changers",34,"Ozzy","Brad",1,201,401
"236","Survivor: Game Changers",34,"Sierra","Brad",1,456,401
"237","Survivor: Game Changers",34,"Tai","Brad",0,476,401
"238","Survivor: Game Changers",34,"Zeke","Brad",0,490,401
"239","Survivor: Game Changers",34,"Andrea","Sarah",1,333,414
"240","Survivor: Game Changers",34,"Aubry","Sarah",1,477,414
"241","Survivor: Game Changers",34,"Cirie","Sarah",1,179,414
"242","Survivor: Game Changers",34,"Debbie","Sarah",0,470,414
"243","Survivor: Game Changers",34,"Hali","Sarah",1,450,414
"244","Survivor: Game Changers",34,"Michaela","Sarah",1,485,414
"245","Survivor: Game Changers",34,"Ozzy","Sarah",0,201,414
"246","Survivor: Game Changers",34,"Sierra","Sarah",0,456,414
"247","Survivor: Game Changers",34,"Tai","Sarah",1,476,414
"248","Survivor: Game Changers",34,"Zeke","Sarah",1,490,414
"249","Survivor: Game Changers",34,"Andrea","Troyzan",0,333,364
"250","Survivor: Game Changers",34,"Aubry","Troyzan",0,477,364
"251","Survivor: Game Changers",34,"Cirie","Troyzan",0,179,364
"252","Survivor: Game Changers",34,"Debbie","Troyzan",0,470,364
"253","Survivor: Game Changers",34,"Hali","Troyzan",0,450,364
"254","Survivor: Game Changers",34,"Michaela","Troyzan",0,485,364
"255","Survivor: Game Changers",34,"Ozzy","Troyzan",0,201,364
"256","Survivor: Game Changers",34,"Sierra","Troyzan",0,456,364
"257","Survivor: Game Changers",34,"Tai","Troyzan",0,476,364
"258","Survivor: Game Changers",34,"Zeke","Troyzan",0,490,364
"259","Survivor: Millennials vs. Gen X",33,"Bret","Adam",1,494,498
"260","Survivor: Millennials vs. Gen X",33,"Chris","Adam",1,488,498
"261","Survivor: Millennials vs. Gen X",33,"David","Adam",1,495,498
"262","Survivor: Millennials vs. Gen X",33,"Jay","Adam",1,493,498
"263","Survivor: Millennials vs. Gen X",33,"Jessica","Adam",1,489,498
"264","Survivor: Millennials vs. Gen X",33,"Michelle","Adam",1,486,498
"265","Survivor: Millennials vs. Gen X",33,"Sunday","Adam",1,492,498
"266","Survivor: Millennials vs. Gen X",33,"Taylor","Adam",1,487,498
"267","Survivor: Millennials vs. Gen X",33,"Will","Adam",1,491,498
"268","Survivor: Millennials vs. Gen X",33,"Zeke","Adam",1,490,498
"269","Survivor: Millennials vs. Gen X",33,"Bret","Hannah",0,494,496
"270","Survivor: Millennials vs. Gen X",33,"Chris","Hannah",0,488,496
"271","Survivor: Millennials vs. Gen X",33,"David","Hannah",0,495,496
"272","Survivor: Millennials vs. Gen X",33,"Jay","Hannah",0,493,496
"273","Survivor: Millennials vs. Gen X",33,"Jessica","Hannah",0,489,496
"274","Survivor: Millennials vs. Gen X",33,"Michelle","Hannah",0,486,496
"275","Survivor: Millennials vs. Gen X",33,"Sunday","Hannah",0,492,496
"276","Survivor: Millennials vs. Gen X",33,"Taylor","Hannah",0,487,496
"277","Survivor: Millennials vs. Gen X",33,"Will","Hannah",0,491,496
"278","Survivor: Millennials vs. Gen X",33,"Zeke","Hannah",0,490,496
"279","Survivor: Millennials vs. Gen X",33,"Bret","Ken",0,494,497
"280","Survivor: Millennials vs. Gen X",33,"Chris","Ken",0,488,497
"281","Survivor: Millennials vs. Gen X",33,"David","Ken",0,495,497
"282","Survivor: Millennials vs. Gen X",33,"Jay","Ken",0,493,497
"283","Survivor: Millennials vs. Gen X",33,"Jessica","Ken",0,489,497
"284","Survivor: Millennials vs. Gen X",33,"Michelle","Ken",0,486,497
"285","Survivor: Millennials vs. Gen X",33,"Sunday","Ken",0,492,497
"286","Survivor: Millennials vs. Gen X",33,"Taylor","Ken",0,487,497
"287","Survivor: Millennials vs. Gen X",33,"Will","Ken",0,491,497
"288","Survivor: Millennials vs. Gen X",33,"Zeke","Ken",0,490,497
"289","Survivor: Kaoh Rong",32,"Cydney","Aubry",0,475,477
"290","Survivor: Kaoh Rong",32,"Debbie","Aubry",0,470,477
"291","Survivor: Kaoh Rong",32,"Jason","Aubry",0,473,477
"292","Survivor: Kaoh Rong",32,"Joe","Aubry",1,474,477
"293","Survivor: Kaoh Rong",32,"Julia","Aubry",0,472,477
"294","Survivor: Kaoh Rong",32,"Nick","Aubry",1,469,477
"295","Survivor: Kaoh Rong",32,"Scot","Aubry",0,471,477
"296","Survivor: Kaoh Rong",32,"Cydney","Michele",1,475,478
"297","Survivor: Kaoh Rong",32,"Debbie","Michele",1,470,478
"298","Survivor: Kaoh Rong",32,"Jason","Michele",1,473,478
"299","Survivor: Kaoh Rong",32,"Joe","Michele",0,474,478
"300","Survivor: Kaoh Rong",32,"Julia","Michele",1,472,478
"301","Survivor: Kaoh Rong",32,"Nick","Michele",0,469,478
"302","Survivor: Kaoh Rong",32,"Scot","Michele",1,471,478
"303","Survivor: Kaoh Rong",32,"Cydney","Tai",0,475,476
"304","Survivor: Kaoh Rong",32,"Debbie","Tai",0,470,476
"305","Survivor: Kaoh Rong",32,"Jason","Tai",0,473,476
"306","Survivor: Kaoh Rong",32,"Joe","Tai",0,474,476
"307","Survivor: Kaoh Rong",32,"Julia","Tai",0,472,476
"308","Survivor: Kaoh Rong",32,"Nick","Tai",0,469,476
"309","Survivor: Kaoh Rong",32,"Scot","Tai",0,471,476
"310","Survivor: Cambodia",31,"Abi-Maria","Jeremy",1,383,433
"311","Survivor: Cambodia",31,"Andrew","Jeremy",1,105,433
"312","Survivor: Cambodia",31,"Ciera","Jeremy",1,406,433
"313","Survivor: Cambodia",31,"Joe","Jeremy",1,451,433
"314","Survivor: Cambodia",31,"Kass","Jeremy",1,422,433
"315","Survivor: Cambodia",31,"Keith","Jeremy",1,439,433
"316","Survivor: Cambodia",31,"Kelley","Jeremy",1,429,433
"317","Survivor: Cambodia",31,"Kelly","Jeremy",1,15,433
"318","Survivor: Cambodia",31,"Kimmi","Jeremy",1,21,433
"319","Survivor: Cambodia",31,"Stephen","Jeremy",1,280,433
"320","Survivor: Cambodia",31,"Abi-Maria","Spencer",0,383,421
"321","Survivor: Cambodia",31,"Andrew","Spencer",0,105,421
"322","Survivor: Cambodia",31,"Ciera","Spencer",0,406,421
"323","Survivor: Cambodia",31,"Joe","Spencer",0,451,421
"324","Survivor: Cambodia",31,"Kass","Spencer",0,422,421
"325","Survivor: Cambodia",31,"Keith","Spencer",0,439,421
"326","Survivor: Cambodia",31,"Kelley","Spencer",0,429,421
"327","Survivor: Cambodia",31,"Kelly","Spencer",0,15,421
"328","Survivor: Cambodia",31,"Kimmi","Spencer",0,21,421
"329","Survivor: Cambodia",31,"Stephen","Spencer",0,280,421
"330","Survivor: Cambodia",31,"Abi-Maria","Tasha",0,383,419
"331","Survivor: Cambodia",31,"Andrew","Tasha",0,105,419
"332","Survivor: Cambodia",31,"Ciera","Tasha",0,406,419
"333","Survivor: Cambodia",31,"Joe","Tasha",0,451,419
"334","Survivor: Cambodia",31,"Kass","Tasha",0,422,419
"335","Survivor: Cambodia",31,"Keith","Tasha",0,439,419
"336","Survivor: Cambodia",31,"Kelley","Tasha",0,429,419
"337","Survivor: Cambodia",31,"Kelly","Tasha",0,15,419
"338","Survivor: Cambodia",31,"Kimmi","Tasha",0,21,419
"339","Survivor: Cambodia",31,"Stephen","Tasha",0,280,419
"340","Survivor: Worlds Apart",30,"Dan","Carolyn",0,455,459
"341","Survivor: Worlds Apart",30,"Hali","Carolyn",0,450,459
"342","Survivor: Worlds Apart",30,"Jenn","Carolyn",0,452,459
"343","Survivor: Worlds Apart",30,"Joe","Carolyn",0,451,459
"344","Survivor: Worlds Apart",30,"Rodney","Carolyn",0,457,459
"345","Survivor: Worlds Apart",30,"Shirin","Carolyn",0,453,459
"346","Survivor: Worlds Apart",30,"Sierra","Carolyn",1,456,459
"347","Survivor: Worlds Apart",30,"Tyler","Carolyn",0,454,459
"348","Survivor: Worlds Apart",30,"Dan","Mike",1,455,460
"349","Survivor: Worlds Apart",30,"Hali","Mike",1,450,460
"350","Survivor: Worlds Apart",30,"Jenn","Mike",1,452,460
"351","Survivor: Worlds Apart",30,"Joe","Mike",1,451,460
"352","Survivor: Worlds Apart",30,"Rodney","Mike",0,457,460
"353","Survivor: Worlds Apart",30,"Shirin","Mike",1,453,460
"354","Survivor: Worlds Apart",30,"Sierra","Mike",0,456,460
"355","Survivor: Worlds Apart",30,"Tyler","Mike",1,454,460
"356","Survivor: Worlds Apart",30,"Dan","Will",0,455,458
"357","Survivor: Worlds Apart",30,"Hali","Will",0,450,458
"358","Survivor: Worlds Apart",30,"Jenn","Will",0,452,458
"359","Survivor: Worlds Apart",30,"Joe","Will",0,451,458
"360","Survivor: Worlds Apart",30,"Rodney","Will",1,457,458
"361","Survivor: Worlds Apart",30,"Shirin","Will",0,453,458
"362","Survivor: Worlds Apart",30,"Sierra","Will",0,456,458
"363","Survivor: Worlds Apart",30,"Tyler","Will",0,454,458
"364","Survivor: San Juan del Sur",29,"Alec","Jaclyn",0,436,441
"365","Survivor: San Juan del Sur",29,"Baylor","Jaclyn",0,438,441
"366","Survivor: San Juan del Sur",29,"Jeremy","Jaclyn",0,433,441
"367","Survivor: San Juan del Sur",29,"Jon","Jaclyn",1,437,441
"368","Survivor: San Juan del Sur",29,"Josh","Jaclyn",0,432,441
"369","Survivor: San Juan del Sur",29,"Keith","Jaclyn",0,439,441
"370","Survivor: San Juan del Sur",29,"Reed","Jaclyn",1,435,441
"371","Survivor: San Juan del Sur",29,"Wes","Jaclyn",0,434,441
"372","Survivor: San Juan del Sur",29,"Alec","Missy",0,436,440
"373","Survivor: San Juan del Sur",29,"Baylor","Missy",1,438,440
"374","Survivor: San Juan del Sur",29,"Jeremy","Missy",0,433,440
"375","Survivor: San Juan del Sur",29,"Jon","Missy",0,437,440
"376","Survivor: San Juan del Sur",29,"Josh","Missy",0,432,440
"377","Survivor: San Juan del Sur",29,"Keith","Missy",0,439,440
"378","Survivor: San Juan del Sur",29,"Reed","Missy",0,435,440
"379","Survivor: San Juan del Sur",29,"Wes","Missy",0,434,440
"380","Survivor: San Juan del Sur",29,"Alec","Natalie",1,436,442
"381","Survivor: San Juan del Sur",29,"Baylor","Natalie",0,438,442
"382","Survivor: San Juan del Sur",29,"Jeremy","Natalie",1,433,442
"383","Survivor: San Juan del Sur",29,"Jon","Natalie",0,437,442
"384","Survivor: San Juan del Sur",29,"Josh","Natalie",1,432,442
"385","Survivor: San Juan del Sur",29,"Keith","Natalie",1,439,442
"386","Survivor: San Juan del Sur",29,"Reed","Natalie",0,435,442
"387","Survivor: San Juan del Sur",29,"Wes","Natalie",1,434,442
"388","Survivor: Cagayan",28,"Jefra","Tony",1,418,424
"389","Survivor: Cagayan",28,"Jeremiah","Tony",1,417,424
"390","Survivor: Cagayan",28,"Kass","Tony",1,422,424
"391","Survivor: Cagayan",28,"LJ","Tony",1,416,424
"392","Survivor: Cagayan",28,"Morgan","Tony",1,415,424
"393","Survivor: Cagayan",28,"Sarah","Tony",1,414,424
"394","Survivor: Cagayan",28,"Spencer","Tony",1,421,424
"395","Survivor: Cagayan",28,"Tasha","Tony",0,419,424
"396","Survivor: Cagayan",28,"Trish","Tony",1,420,424
"397","Survivor: Cagayan",28,"Jefra","Woo",0,418,423
"398","Survivor: Cagayan",28,"Jeremiah","Woo",0,417,423
"399","Survivor: Cagayan",28,"Kass","Woo",0,422,423
"400","Survivor: Cagayan",28,"LJ","Woo",0,416,423
"401","Survivor: Cagayan",28,"Morgan","Woo",0,415,423
"402","Survivor: Cagayan",28,"Sarah","Woo",0,414,423
"403","Survivor: Cagayan",28,"Spencer","Woo",0,421,423
"404","Survivor: Cagayan",28,"Tasha","Woo",1,419,423
"405","Survivor: Cagayan",28,"Trish","Woo",0,420,423
"406","Survivor: Blood vs. Water",27,"Aras","Gervase",0,182,10
"407","Survivor: Blood vs. Water",27,"Caleb","Gervase",0,403,10
"408","Survivor: Blood vs. Water",27,"Ciera","Gervase",0,406,10
"409","Survivor: Blood vs. Water",27,"Hayden","Gervase",0,405,10
"410","Survivor: Blood vs. Water",27,"Katie","Gervase",0,404,10
"411","Survivor: Blood vs. Water",27,"Laura M.","Gervase",0,292,10
"412","Survivor: Blood vs. Water",27,"Tina","Gervase",0,32,10
"413","Survivor: Blood vs. Water",27,"Vytas","Gervase",0,402,10
"414","Survivor: Blood vs. Water",27,"Aras","Monica",0,182,358
"415","Survivor: Blood vs. Water",27,"Caleb","Monica",0,403,358
"416","Survivor: Blood vs. Water",27,"Ciera","Monica",0,406,358
"417","Survivor: Blood vs. Water",27,"Hayden","Monica",0,405,358
"418","Survivor: Blood vs. Water",27,"Katie","Monica",0,404,358
"419","Survivor: Blood vs. Water",27,"Laura M.","Monica",0,292,358
"420","Survivor: Blood vs. Water",27,"Tina","Monica",0,32,358
"421","Survivor: Blood vs. Water",27,"Vytas","Monica",1,402,358
"422","Survivor: Blood vs. Water",27,"Aras","Tyson",1,182,274
"423","Survivor: Blood vs. Water",27,"Caleb","Tyson",1,403,274
"424","Survivor: Blood vs. Water",27,"Ciera","Tyson",1,406,274
"425","Survivor: Blood vs. Water",27,"Hayden","Tyson",1,405,274
"426","Survivor: Blood vs. Water",27,"Katie","Tyson",1,404,274
"427","Survivor: Blood vs. Water",27,"Laura M.","Tyson",1,292,274
"428","Survivor: Blood vs. Water",27,"Tina","Tyson",1,32,274
"429","Survivor: Blood vs. Water",27,"Vytas","Tyson",0,402,274
"430","Survivor: Caramoan",26,"Andrea","Cochran",1,333,348
"431","Survivor: Caramoan",26,"Brenda","Cochran",1,312,348
"432","Survivor: Caramoan",26,"Eddie","Cochran",1,395,348
"433","Survivor: Caramoan",26,"Erik","Cochran",1,246,348
"434","Survivor: Caramoan",26,"Malcolm","Cochran",1,384,348
"435","Survivor: Caramoan",26,"Michael","Cochran",1,393,348
"436","Survivor: Caramoan",26,"Phillip","Cochran",1,337,348
"437","Survivor: Caramoan",26,"Reynold","Cochran",1,394,348
"438","Survivor: Caramoan",26,"Andrea","Dawn",0,333,346
"439","Survivor: Caramoan",26,"Brenda","Dawn",0,312,346
"440","Survivor: Caramoan",26,"Eddie","Dawn",0,395,346
"441","Survivor: Caramoan",26,"Erik","Dawn",0,246,346
"442","Survivor: Caramoan",26,"Malcolm","Dawn",0,384,346
"443","Survivor: Caramoan",26,"Michael","Dawn",0,393,346
"444","Survivor: Caramoan",26,"Phillip","Dawn",0,337,346
"445","Survivor: Caramoan",26,"Reynold","Dawn",0,394,346
"446","Survivor: Caramoan",26,"Andrea","Sherri",0,333,396
"447","Survivor: Caramoan",26,"Brenda","Sherri",0,312,396
"448","Survivor: Caramoan",26,"Eddie","Sherri",0,395,396
"449","Survivor: Caramoan",26,"Erik","Sherri",0,246,396
"450","Survivor: Caramoan",26,"Malcolm","Sherri",0,384,396
"451","Survivor: Caramoan",26,"Michael","Sherri",0,393,396
"452","Survivor: Caramoan",26,"Phillip","Sherri",0,337,396
"453","Survivor: Caramoan",26,"Reynold","Sherri",0,394,396
"454","Survivor: Philippines",25,"Abi-Maria","Denise",1,383,386
"455","Survivor: Philippines",25,"Artis","Denise",1,380,386
"456","Survivor: Philippines",25,"Carter","Denise",0,382,386
"457","Survivor: Philippines",25,"Jeff","Denise",1,379,386
"458","Survivor: Philippines",25,"Jonathan","Denise",1,196,386
"459","Survivor: Philippines",25,"Malcolm","Denise",1,384,386
"460","Survivor: Philippines",25,"Pete","Denise",1,381,386
"461","Survivor: Philippines",25,"RC","Denise",0,378,386
"462","Survivor: Philippines",25,"Abi-Maria","Lisa",0,383,385
"463","Survivor: Philippines",25,"Artis","Lisa",0,380,385
"464","Survivor: Philippines",25,"Carter","Lisa",0,382,385
"465","Survivor: Philippines",25,"Jeff","Lisa",0,379,385
"466","Survivor: Philippines",25,"Jonathan","Lisa",0,196,385
"467","Survivor: Philippines",25,"Malcolm","Lisa",0,384,385
"468","Survivor: Philippines",25,"Pete","Lisa",0,381,385
"469","Survivor: Philippines",25,"RC","Lisa",1,378,385
"470","Survivor: Philippines",25,"Abi-Maria","Michael",0,383,22
"471","Survivor: Philippines",25,"Artis","Michael",0,380,22
"472","Survivor: Philippines",25,"Carter","Michael",1,382,22
"473","Survivor: Philippines",25,"Jeff","Michael",0,379,22
"474","Survivor: Philippines",25,"Jonathan","Michael",0,196,22
"475","Survivor: Philippines",25,"Malcolm","Michael",0,384,22
"476","Survivor: Philippines",25,"Pete","Michael",0,381,22
"477","Survivor: Philippines",25,"RC","Michael",0,378,22
"478","Survivor: One World",24,"Alicia","Chelsea",0,367,369
"479","Survivor: One World",24,"Christina","Chelsea",0,368,369
"480","Survivor: One World",24,"Jay","Chelsea",0,362,369
"481","Survivor: One World",24,"Jonas","Chelsea",0,360,369
"482","Survivor: One World",24,"Kat","Chelsea",0,365,369
"483","Survivor: One World",24,"Leif","Chelsea",0,363,369
"484","Survivor: One World",24,"Michael","Chelsea",0,361,369
"485","Survivor: One World",24,"Tarzan","Chelsea",0,366,369
"486","Survivor: One World",24,"Troyzan","Chelsea",0,364,369
"487","Survivor: One World",24,"Alicia","Kim",1,367,371
"488","Survivor: One World",24,"Christina","Kim",1,368,371
"489","Survivor: One World",24,"Jay","Kim",1,362,371
"490","Survivor: One World",24,"Jonas","Kim",1,360,371
"491","Survivor: One World",24,"Kat","Kim",1,365,371
"492","Survivor: One World",24,"Leif","Kim",0,363,371
"493","Survivor: One World",24,"Michael","Kim",1,361,371
"494","Survivor: One World",24,"Tarzan","Kim",1,366,371
"495","Survivor: One World",24,"Troyzan","Kim",0,364,371
"496","Survivor: One World",24,"Alicia","Sabrina",0,367,370
"497","Survivor: One World",24,"Christina","Sabrina",0,368,370
"498","Survivor: One World",24,"Jay","Sabrina",0,362,370
"499","Survivor: One World",24,"Jonas","Sabrina",0,360,370
"500","Survivor: One World",24,"Kat","Sabrina",0,365,370
"501","Survivor: One World",24,"Leif","Sabrina",1,363,370
"502","Survivor: One World",24,"Michael","Sabrina",0,361,370
"503","Survivor: One World",24,"Tarzan","Sabrina",0,366,370
"504","Survivor: One World",24,"Troyzan","Sabrina",1,364,370
"505","Survivor: South Pacific",23,"Brandon","Albert",0,350,352
"506","Survivor: South Pacific",23,"Cochran","Albert",0,348,352
"507","Survivor: South Pacific",23,"Dawn","Albert",0,346,352
"508","Survivor: South Pacific",23,"Edna","Albert",0,349,352
"509","Survivor: South Pacific",23,"Jim","Albert",0,345,352
"510","Survivor: South Pacific",23,"Keith","Albert",0,344,352
"511","Survivor: South Pacific",23,"Ozzy","Albert",0,201,352
"512","Survivor: South Pacific",23,"Rick","Albert",0,351,352
"513","Survivor: South Pacific",23,"Whitney","Albert",0,347,352
"514","Survivor: South Pacific",23,"Brandon","Coach",0,350,277
"515","Survivor: South Pacific",23,"Cochran","Coach",1,348,277
"516","Survivor: South Pacific",23,"Dawn","Coach",0,346,277
"517","Survivor: South Pacific",23,"Edna","Coach",1,349,277
"518","Survivor: South Pacific",23,"Jim","Coach",0,345,277
"519","Survivor: South Pacific",23,"Keith","Coach",0,344,277
"520","Survivor: South Pacific",23,"Ozzy","Coach",0,201,277
"521","Survivor: South Pacific",23,"Rick","Coach",1,351,277
"522","Survivor: South Pacific",23,"Whitney","Coach",0,347,277
"523","Survivor: South Pacific",23,"Brandon","Sophie",1,350,353
"524","Survivor: South Pacific",23,"Cochran","Sophie",0,348,353
"525","Survivor: South Pacific",23,"Dawn","Sophie",1,346,353
"526","Survivor: South Pacific",23,"Edna","Sophie",0,349,353
"527","Survivor: South Pacific",23,"Jim","Sophie",1,345,353
"528","Survivor: South Pacific",23,"Keith","Sophie",1,344,353
"529","Survivor: South Pacific",23,"Ozzy","Sophie",1,201,353
"530","Survivor: South Pacific",23,"Rick","Sophie",0,351,353
"531","Survivor: South Pacific",23,"Whitney","Sophie",1,347,353
"532","Survivor: Redemption Island",22,"Andrea","Boston Rob",1,333,55
"533","Survivor: Redemption Island",22,"Ashley","Boston Rob",1,335,55
"534","Survivor: Redemption Island",22,"David","Boston Rob",1,329,55
"535","Survivor: Redemption Island",22,"Grant","Boston Rob",1,334,55
"536","Survivor: Redemption Island",22,"Julie","Boston Rob",1,330,55
"537","Survivor: Redemption Island",22,"Matt","Boston Rob",1,323,55
"538","Survivor: Redemption Island",22,"Mike","Boston Rob",1,328,55
"539","Survivor: Redemption Island",22,"Ralph","Boston Rob",0,331,55
"540","Survivor: Redemption Island",22,"Steve","Boston Rob",1,332,55
"541","Survivor: Redemption Island",22,"Andrea","Natalie",0,333,336
"542","Survivor: Redemption Island",22,"Ashley","Natalie",0,335,336
"543","Survivor: Redemption Island",22,"David","Natalie",0,329,336
"544","Survivor: Redemption Island",22,"Grant","Natalie",0,334,336
"545","Survivor: Redemption Island",22,"Julie","Natalie",0,330,336
"546","Survivor: Redemption Island",22,"Matt","Natalie",0,323,336
"547","Survivor: Redemption Island",22,"Mike","Natalie",0,328,336
"548","Survivor: Redemption Island",22,"Ralph","Natalie",0,331,336
"549","Survivor: Redemption Island",22,"Steve","Natalie",0,332,336
"550","Survivor: Redemption Island",22,"Andrea","Phillip",0,333,337
"551","Survivor: Redemption Island",22,"Ashley","Phillip",0,335,337
"552","Survivor: Redemption Island",22,"David","Phillip",0,329,337
"553","Survivor: Redemption Island",22,"Grant","Phillip",0,334,337
"554","Survivor: Redemption Island",22,"Julie","Phillip",0,330,337
"555","Survivor: Redemption Island",22,"Matt","Phillip",0,323,337
"556","Survivor: Redemption Island",22,"Mike","Phillip",0,328,337
"557","Survivor: Redemption Island",22,"Ralph","Phillip",1,331,337
"558","Survivor: Redemption Island",22,"Steve","Phillip",0,332,337
"559","Survivor: Nicaragua",21,"Alina","Chase",1,310,320
"560","Survivor: Nicaragua",21,"Benry","Chase",0,315,320
"561","Survivor: Nicaragua",21,"Brenda","Chase",1,312,320
"562","Survivor: Nicaragua",21,"Dan","Chase",0,317,320
"563","Survivor: Nicaragua",21,"Holly","Chase",1,318,320
"564","Survivor: Nicaragua",21,"Jane","Chase",1,316,320
"565","Survivor: Nicaragua",21,"Marty","Chase",0,311,320
"566","Survivor: Nicaragua",21,"NaOnka","Chase",0,313,320
"567","Survivor: Nicaragua",21,"Purple Kelly","Chase",0,314,320
"568","Survivor: Nicaragua",21,"Alina","Fabio",0,310,321
"569","Survivor: Nicaragua",21,"Benry","Fabio",1,315,321
"570","Survivor: Nicaragua",21,"Brenda","Fabio",0,312,321
"571","Survivor: Nicaragua",21,"Dan","Fabio",1,317,321
"572","Survivor: Nicaragua",21,"Holly","Fabio",0,318,321
"573","Survivor: Nicaragua",21,"Jane","Fabio",0,316,321
"574","Survivor: Nicaragua",21,"Marty","Fabio",1,311,321
"575","Survivor: Nicaragua",21,"NaOnka","Fabio",1,313,321
"576","Survivor: Nicaragua",21,"Purple Kelly","Fabio",1,314,321
"577","Survivor: Nicaragua",21,"Alina","Sash",0,310,319
"578","Survivor: Nicaragua",21,"Benry","Sash",0,315,319
"579","Survivor: Nicaragua",21,"Brenda","Sash",0,312,319
"580","Survivor: Nicaragua",21,"Dan","Sash",0,317,319
"581","Survivor: Nicaragua",21,"Holly","Sash",0,318,319
"582","Survivor: Nicaragua",21,"Jane","Sash",0,316,319
"583","Survivor: Nicaragua",21,"Marty","Sash",0,311,319
"584","Survivor: Nicaragua",21,"NaOnka","Sash",0,313,319
"585","Survivor: Nicaragua",21,"Purple Kelly","Sash",0,314,319
"586","Survivor: Heroes vs. Villains",20,"Amanda","Parvati",0,235,197
"587","Survivor: Heroes vs. Villains",20,"Candice","Parvati",0,195,197
"588","Survivor: Heroes vs. Villains",20,"Coach","Parvati",1,277,197
"589","Survivor: Heroes vs. Villains",20,"Colby","Parvati",0,31,197
"590","Survivor: Heroes vs. Villains",20,"Courtney","Parvati",0,236,197
"591","Survivor: Heroes vs. Villains",20,"Danielle","Parvati",1,181,197
"592","Survivor: Heroes vs. Villains",20,"J.T.","Parvati",0,281,197
"593","Survivor: Heroes vs. Villains",20,"Jerri","Parvati",1,25,197
"594","Survivor: Heroes vs. Villains",20,"Rupert","Parvati",0,107,197
"595","Survivor: Heroes vs. Villains",20,"Amanda","Russell",0,235,300
"596","Survivor: Heroes vs. Villains",20,"Candice","Russell",0,195,300
"597","Survivor: Heroes vs. Villains",20,"Coach","Russell",0,277,300
"598","Survivor: Heroes vs. Villains",20,"Colby","Russell",0,31,300
"599","Survivor: Heroes vs. Villains",20,"Courtney","Russell",0,236,300
"600","Survivor: Heroes vs. Villains",20,"Danielle","Russell",0,181,300
"601","Survivor: Heroes vs. Villains",20,"J.T.","Russell",0,281,300
"602","Survivor: Heroes vs. Villains",20,"Jerri","Russell",0,25,300
"603","Survivor: Heroes vs. Villains",20,"Rupert","Russell",0,107,300
"604","Survivor: Heroes vs. Villains",20,"Amanda","Sandra",1,235,112
"605","Survivor: Heroes vs. Villains",20,"Candice","Sandra",1,195,112
"606","Survivor: Heroes vs. Villains",20,"Coach","Sandra",0,277,112
"607","Survivor: Heroes vs. Villains",20,"Colby","Sandra",1,31,112
"608","Survivor: Heroes vs. Villains",20,"Courtney","Sandra",1,236,112
"609","Survivor: Heroes vs. Villains",20,"Danielle","Sandra",0,181,112
"610","Survivor: Heroes vs. Villains",20,"J.T.","Sandra",1,281,112
"611","Survivor: Heroes vs. Villains",20,"Jerri","Sandra",0,25,112
"612","Survivor: Heroes vs. Villains",20,"Rupert","Sandra",1,107,112
"613","Survivor: Samoa",19,"Brett","Mick",0,298,299
"614","Survivor: Samoa",19,"Dave","Mick",0,294,299
"615","Survivor: Samoa",19,"Erik","Mick",0,290,299
"616","Survivor: Samoa",19,"Jaison","Mick",0,297,299
"617","Survivor: Samoa",19,"John","Mick",0,293,299
"618","Survivor: Samoa",19,"Kelly","Mick",0,291,299
"619","Survivor: Samoa",19,"Laura","Mick",0,292,299
"620","Survivor: Samoa",19,"Monica","Mick",0,295,299
"621","Survivor: Samoa",19,"Shambo","Mick",0,296,299
"622","Survivor: Samoa",19,"Brett","Natalie",1,298,301
"623","Survivor: Samoa",19,"Dave","Natalie",1,294,301
"624","Survivor: Samoa",19,"Erik","Natalie",1,290,301
"625","Survivor: Samoa",19,"Jaison","Natalie",1,297,301
"626","Survivor: Samoa",19,"John","Natalie",0,293,301
"627","Survivor: Samoa",19,"Kelly","Natalie",1,291,301
"628","Survivor: Samoa",19,"Laura","Natalie",1,292,301
"629","Survivor: Samoa",19,"Monica","Natalie",1,295,301
"630","Survivor: Samoa",19,"Shambo","Natalie",0,296,301
"631","Survivor: Samoa",19,"Brett","Russell H.",0,298,300
"632","Survivor: Samoa",19,"Dave","Russell H.",0,294,300
"633","Survivor: Samoa",19,"Erik","Russell H.",0,290,300
"634","Survivor: Samoa",19,"Jaison","Russell H.",0,297,300
"635","Survivor: Samoa",19,"John","Russell H.",0,293,300
"636","Survivor: Samoa",19,"Kelly","Russell H.",0,291,300
"637","Survivor: Samoa",19,"Laura","Russell H.",0,292,300
"638","Survivor: Samoa",19,"Monica","Russell H.",0,295,300
"639","Survivor: Samoa",19,"Shambo","Russell H.",0,296,300
"640","Survivor: Tocantins",18,"Brendan","J.T.",1,273,281
"641","Survivor: Tocantins",18,"Coach","J.T.",1,277,281
"642","Survivor: Tocantins",18,"Debbie","J.T.",1,276,281
"643","Survivor: Tocantins",18,"Erinn","J.T.",1,279,281
"644","Survivor: Tocantins",18,"Sierra","J.T.",1,275,281
"645","Survivor: Tocantins",18,"Taj","J.T.",1,278,281
"646","Survivor: Tocantins",18,"Tyson","J.T.",1,274,281
"647","Survivor: Tocantins",18,"Brendan","Stephen",0,273,280
"648","Survivor: Tocantins",18,"Coach","Stephen",0,277,280
"649","Survivor: Tocantins",18,"Debbie","Stephen",0,276,280
"650","Survivor: Tocantins",18,"Erinn","Stephen",0,279,280
"651","Survivor: Tocantins",18,"Sierra","Stephen",0,275,280
"652","Survivor: Tocantins",18,"Taj","Stephen",0,278,280
"653","Survivor: Tocantins",18,"Tyson","Stephen",0,274,280
"654","Survivor: Gabon",17,"Charlie","Bob",1,257,265
"655","Survivor: Gabon",17,"Corinne","Bob",1,259,265
"656","Survivor: Gabon",17,"Crystal","Bob",0,260,265
"657","Survivor: Gabon",17,"Ken","Bob",0,261,265
"658","Survivor: Gabon",17,"Marcus","Bob",1,256,265
"659","Survivor: Gabon",17,"Matty","Bob",0,262,265
"660","Survivor: Gabon",17,"Randy","Bob",1,258,265
"661","Survivor: Gabon",17,"Charlie","Sugar",0,257,263
"662","Survivor: Gabon",17,"Corinne","Sugar",0,259,263
"663","Survivor: Gabon",17,"Crystal","Sugar",0,260,263
"664","Survivor: Gabon",17,"Ken","Sugar",0,261,263
"665","Survivor: Gabon",17,"Marcus","Sugar",0,256,263
"666","Survivor: Gabon",17,"Matty","Sugar",0,262,263
"667","Survivor: Gabon",17,"Randy","Sugar",0,258,263
"668","Survivor: Gabon",17,"Charlie","Susie",0,257,264
"669","Survivor: Gabon",17,"Corinne","Susie",0,259,264
"670","Survivor: Gabon",17,"Crystal","Susie",1,260,264
"671","Survivor: Gabon",17,"Ken","Susie",1,261,264
"672","Survivor: Gabon",17,"Marcus","Susie",0,256,264
"673","Survivor: Gabon",17,"Matty","Susie",1,262,264
"674","Survivor: Gabon",17,"Randy","Susie",0,258,264
"675","Survivor: Micronesia",16,"Alexis","Amanda",0,245,235
"676","Survivor: Micronesia",16,"Cirie","Amanda",0,179,235
"677","Survivor: Micronesia",16,"Eliza","Amanda",0,127,235
"678","Survivor: Micronesia",16,"Erik","Amanda",1,246,235
"679","Survivor: Micronesia",16,"James","Amanda",1,231,235
"680","Survivor: Micronesia",16,"Jason","Amanda",0,244,235
"681","Survivor: Micronesia",16,"Natalie","Amanda",0,247,235
"682","Survivor: Micronesia",16,"Ozzy","Amanda",1,201,235
"683","Survivor: Micronesia",16,"Alexis","Parvati",1,245,197
"684","Survivor: Micronesia",16,"Cirie","Parvati",1,179,197
"685","Survivor: Micronesia",16,"Eliza","Parvati",1,127,197
"686","Survivor: Micronesia",16,"Erik","Parvati",0,246,197
"687","Survivor: Micronesia",16,"James","Parvati",0,231,197
"688","Survivor: Micronesia",16,"Jason","Parvati",1,244,197
"689","Survivor: Micronesia",16,"Natalie","Parvati",1,247,197
"690","Survivor: Micronesia",16,"Ozzy","Parvati",0,201,197
"691","Survivor: China",15,"Denise","Amanda",0,234,235
"692","Survivor: China",15,"Erik","Amanda",1,232,235
"693","Survivor: China",15,"Frosti","Amanda",0,230,235
"694","Survivor: China",15,"Jaime","Amanda",0,228,235
"695","Survivor: China",15,"James","Amanda",0,231,235
"696","Survivor: China",15,"Jean-Robert","Amanda",0,229,235
"697","Survivor: China",15,"Peih-Gee","Amanda",0,233,235
"698","Survivor: China",15,"Denise","Courtney",1,234,236
"699","Survivor: China",15,"Erik","Courtney",0,232,236
"700","Survivor: China",15,"Frosti","Courtney",0,230,236
"701","Survivor: China",15,"Jaime","Courtney",0,228,236
"702","Survivor: China",15,"James","Courtney",1,231,236
"703","Survivor: China",15,"Jean-Robert","Courtney",0,229,236
"704","Survivor: China",15,"Peih-Gee","Courtney",0,233,236
"705","Survivor: China",15,"Denise","Todd",0,234,237
"706","Survivor: China",15,"Erik","Todd",0,232,237
"707","Survivor: China",15,"Frosti","Todd",1,230,237
"708","Survivor: China",15,"Jaime","Todd",1,228,237
"709","Survivor: China",15,"James","Todd",0,231,237
"710","Survivor: China",15,"Jean-Robert","Todd",1,229,237
"711","Survivor: China",15,"Peih-Gee","Todd",1,233,237
"712","Survivor: Fiji",14,"Alex","Cassandra",0,215,220
"713","Survivor: Fiji",14,"Boo","Cassandra",0,217,220
"714","Survivor: Fiji",14,"Edgardo","Cassandra",0,213,220
"715","Survivor: Fiji",14,"Lisi","Cassandra",0,211,220
"716","Survivor: Fiji",14,"Michelle","Cassandra",0,212,220
"717","Survivor: Fiji",14,"Mookie","Cassandra",0,214,220
"718","Survivor: Fiji",14,"Rocky","Cassandra",0,210,220
"719","Survivor: Fiji",14,"Stacy","Cassandra",0,216,220
"720","Survivor: Fiji",14,"Yau-Man","Cassandra",0,218,220
"721","Survivor: Fiji",14,"Alex","Dreamz",0,215,219
"722","Survivor: Fiji",14,"Boo","Dreamz",0,217,219
"723","Survivor: Fiji",14,"Edgardo","Dreamz",0,213,219
"724","Survivor: Fiji",14,"Lisi","Dreamz",0,211,219
"725","Survivor: Fiji",14,"Michelle","Dreamz",0,212,219
"726","Survivor: Fiji",14,"Mookie","Dreamz",0,214,219
"727","Survivor: Fiji",14,"Rocky","Dreamz",0,210,219
"728","Survivor: Fiji",14,"Stacy","Dreamz",0,216,219
"729","Survivor: Fiji",14,"Yau-Man","Dreamz",0,218,219
"730","Survivor: Fiji",14,"Alex","Earl",1,215,221
"731","Survivor: Fiji",14,"Boo","Earl",1,217,221
"732","Survivor: Fiji",14,"Edgardo","Earl",1,213,221
"733","Survivor: Fiji",14,"Lisi","Earl",1,211,221
"734","Survivor: Fiji",14,"Michelle","Earl",1,212,221
"735","Survivor: Fiji",14,"Mookie","Earl",1,214,221
"736","Survivor: Fiji",14,"Rocky","Earl",1,210,221
"737","Survivor: Fiji",14,"Stacy","Earl",1,216,221
"738","Survivor: Fiji",14,"Yau-Man","Earl",1,218,221
"739","Survivor: Cook Islands",13,"Adam","Becky",0,198,200
"740","Survivor: Cook Islands",13,"Brad","Becky",0,191,200
"741","Survivor: Cook Islands",13,"Candice","Becky",0,195,200
"742","Survivor: Cook Islands",13,"Jenny","Becky",0,193,200
"743","Survivor: Cook Islands",13,"Jonathan","Becky",0,196,200
"744","Survivor: Cook Islands",13,"Nate","Becky",0,194,200
"745","Survivor: Cook Islands",13,"Parvati","Becky",0,197,200
"746","Survivor: Cook Islands",13,"Rebecca","Becky",0,192,200
"747","Survivor: Cook Islands",13,"Sundra","Becky",0,199,200
"748","Survivor: Cook Islands",13,"Adam","Ozzy",0,198,201
"749","Survivor: Cook Islands",13,"Brad","Ozzy",0,191,201
"750","Survivor: Cook Islands",13,"Candice","Ozzy",0,195,201
"751","Survivor: Cook Islands",13,"Jenny","Ozzy",1,193,201
"752","Survivor: Cook Islands",13,"Jonathan","Ozzy",0,196,201
"753","Survivor: Cook Islands",13,"Nate","Ozzy",1,194,201
"754","Survivor: Cook Islands",13,"Parvati","Ozzy",1,197,201
"755","Survivor: Cook Islands",13,"Rebecca","Ozzy",1,192,201
"756","Survivor: Cook Islands",13,"Sundra","Ozzy",0,199,201
"757","Survivor: Cook Islands",13,"Adam","Yul",1,198,202
"758","Survivor: Cook Islands",13,"Brad","Yul",1,191,202
"759","Survivor: Cook Islands",13,"Candice","Yul",1,195,202
"760","Survivor: Cook Islands",13,"Jenny","Yul",0,193,202
"761","Survivor: Cook Islands",13,"Jonathan","Yul",1,196,202
"762","Survivor: Cook Islands",13,"Nate","Yul",0,194,202
"763","Survivor: Cook Islands",13,"Parvati","Yul",0,197,202
"764","Survivor: Cook Islands",13,"Rebecca","Yul",0,192,202
"765","Survivor: Cook Islands",13,"Sundra","Yul",1,199,202
"766","Survivor: Panama",12,"Austin","Aras",1,174,182
"767","Survivor: Panama",12,"Bruce","Aras",0,176,182
"768","Survivor: Panama",12,"Cirie","Aras",1,179,182
"769","Survivor: Panama",12,"Courtney","Aras",1,177,182
"770","Survivor: Panama",12,"Sally","Aras",1,175,182
"771","Survivor: Panama",12,"Shane","Aras",0,178,182
"772","Survivor: Panama",12,"Terry","Aras",1,180,182
"773","Survivor: Panama",12,"Austin","Danielle",0,174,181
"774","Survivor: Panama",12,"Bruce","Danielle",1,176,181
"775","Survivor: Panama",12,"Cirie","Danielle",0,179,181
"776","Survivor: Panama",12,"Courtney","Danielle",0,177,181
"777","Survivor: Panama",12,"Sally","Danielle",0,175,181
"778","Survivor: Panama",12,"Shane","Danielle",1,178,181
"779","Survivor: Panama",12,"Terry","Danielle",0,180,181
"780","Survivor: Guatemala",11,"Bobby Jon","Danni",1,141,166
"781","Survivor: Guatemala",11,"Cindy","Danni",1,163,166
"782","Survivor: Guatemala",11,"Gary","Danni",1,161,166
"783","Survivor: Guatemala",11,"Jamie","Danni",1,160,166
"784","Survivor: Guatemala",11,"Judd","Danni",1,162,166
"785","Survivor: Guatemala",11,"Lydia","Danni",1,164,166
"786","Survivor: Guatemala",11,"Rafe","Danni",0,165,166
"787","Survivor: Guatemala",11,"Bobby Jon","Stephenie",0,141,144
"788","Survivor: Guatemala",11,"Cindy","Stephenie",0,163,144
"789","Survivor: Guatemala",11,"Gary","Stephenie",0,161,144
"790","Survivor: Guatemala",11,"Jamie","Stephenie",0,160,144
"791","Survivor: Guatemala",11,"Judd","Stephenie",0,162,144
"792","Survivor: Guatemala",11,"Lydia","Stephenie",0,164,144
"793","Survivor: Guatemala",11,"Rafe","Stephenie",1,165,144
"794","Survivor: Palau",10,"Caryn","Katie",0,146,149
"795","Survivor: Palau",10,"Coby","Katie",1,142,149
"796","Survivor: Palau",10,"Gregg","Katie",0,145,149
"797","Survivor: Palau",10,"Ian","Katie",0,148,149
"798","Survivor: Palau",10,"Janu","Katie",0,143,149
"799","Survivor: Palau",10,"Jenn","Katie",0,147,149
"800","Survivor: Palau",10,"Stephenie","Katie",0,144,149
"801","Survivor: Palau",10,"Caryn","Tom",1,146,150
"802","Survivor: Palau",10,"Coby","Tom",0,142,150
"803","Survivor: Palau",10,"Gregg","Tom",1,145,150
"804","Survivor: Palau",10,"Ian","Tom",1,148,150
"805","Survivor: Palau",10,"Janu","Tom",1,143,150
"806","Survivor: Palau",10,"Jenn","Tom",1,147,150
"807","Survivor: Palau",10,"Stephenie","Tom",1,144,150
"808","Survivor: Vanuatu",9,"Ami","Chris",0,125,130
"809","Survivor: Vanuatu",9,"Chad","Chris",1,123,130
"810","Survivor: Vanuatu",9,"Eliza","Chris",1,127,130
"811","Survivor: Vanuatu",9,"Julie","Chris",1,126,130
"812","Survivor: Vanuatu",9,"Lea","Chris",1,122,130
"813","Survivor: Vanuatu",9,"Leann","Chris",1,124,130
"814","Survivor: Vanuatu",9,"Scout","Chris",0,128,130
"815","Survivor: Vanuatu",9,"Ami","Twila",1,125,129
"816","Survivor: Vanuatu",9,"Chad","Twila",0,123,129
"817","Survivor: Vanuatu",9,"Eliza","Twila",0,127,129
"818","Survivor: Vanuatu",9,"Julie","Twila",0,126,129
"819","Survivor: Vanuatu",9,"Lea","Twila",0,122,129
"820","Survivor: Vanuatu",9,"Leann","Twila",0,124,129
"821","Survivor: Vanuatu",9,"Scout","Twila",1,128,129
"822","Survivor: All-Stars",8,"Alicia","Amber",1,24,27
"823","Survivor: All-Stars",8,"Tom","Amber",1,45,27
"824","Survivor: All-Stars",8,"Jenna L.","Amber",0,9,27
"825","Survivor: All-Stars",8,"Kathy","Amber",0,62,27
"826","Survivor: All-Stars",8,"Lex","Amber",1,46,27
"827","Survivor: All-Stars",8,"Rupert","Amber",0,107,27
"828","Survivor: All-Stars",8,"Shii Ann","Amber",1,71,27
"829","Survivor: All-Stars",8,"Alicia","Boston Rob",0,24,55
"830","Survivor: All-Stars",8,"Tom","Boston Rob",0,45,55
"831","Survivor: All-Stars",8,"Jenna L.","Boston Rob",1,9,55
"832","Survivor: All-Stars",8,"Kathy","Boston Rob",1,62,55
"833","Survivor: All-Stars",8,"Lex","Boston Rob",0,46,55
"834","Survivor: All-Stars",8,"Rupert","Boston Rob",1,107,55
"835","Survivor: All-Stars",8,"Shii Ann","Boston Rob",0,71,55
"836","Survivor: Pearl Islands",7,"Burton","Lillian",0,100,99
"837","Survivor: Pearl Islands",7,"Christa","Lillian",0,109,99
"838","Survivor: Pearl Islands",7,"Darrah","Lillian",0,110,99
"839","Survivor: Pearl Islands",7,"Jonny Fairplay","Lillian",0,111,99
"840","Survivor: Pearl Islands",7,"Rupert","Lillian",0,107,99
"841","Survivor: Pearl Islands",7,"Ryan O.","Lillian",0,106,99
"842","Survivor: Pearl Islands",7,"Tijuana","Lillian",1,108,99
"843","Survivor: Pearl Islands",7,"Burton","Sandra",1,100,112
"844","Survivor: Pearl Islands",7,"Christa","Sandra",1,109,112
"845","Survivor: Pearl Islands",7,"Darrah","Sandra",1,110,112
"846","Survivor: Pearl Islands",7,"Jonny Fairplay","Sandra",1,111,112
"847","Survivor: Pearl Islands",7,"Rupert","Sandra",1,107,112
"848","Survivor: Pearl Islands",7,"Ryan O.","Sandra",1,106,112
"849","Survivor: Pearl Islands",7,"Tijuana","Sandra",0,108,112
"850","Survivor: The Amazon",6,"Alex","Jenna",1,90,96
"851","Survivor: The Amazon",6,"Butch","Jenna",0,93,96
"852","Survivor: The Amazon",6,"Christy","Jenna",1,91,96
"853","Survivor: The Amazon",6,"Dave","Jenna",1,88,96
"854","Survivor: The Amazon",6,"Deena","Jenna",1,89,96
"855","Survivor: The Amazon",6,"Heidi","Jenna",1,92,96
"856","Survivor: The Amazon",6,"Rob","Jenna",1,94,96
"857","Survivor: The Amazon",6,"Alex","Matthew",0,90,95
"858","Survivor: The Amazon",6,"Butch","Matthew",1,93,95
"859","Survivor: The Amazon",6,"Christy","Matthew",0,91,95
"860","Survivor: The Amazon",6,"Dave","Matthew",0,88,95
"861","Survivor: The Amazon",6,"Deena","Matthew",0,89,95
"862","Survivor: The Amazon",6,"Heidi","Matthew",0,92,95
"863","Survivor: The Amazon",6,"Rob","Matthew",0,94,95
"864","Survivor: Thailand",5,"Erin","Brian",0,72,80
"865","Survivor: Thailand",5,"Helen","Brian",1,77,80
"866","Survivor: Thailand",5,"Jake","Brian",1,75,80
"867","Survivor: Thailand",5,"Jan","Brian",1,78,80
"868","Survivor: Thailand",5,"Ken","Brian",0,73,80
"869","Survivor: Thailand",5,"Penny","Brian",0,74,80
"870","Survivor: Thailand",5,"Ted","Brian",1,76,80
"871","Survivor: Thailand",5,"Erin","Clay",1,72,79
"872","Survivor: Thailand",5,"Helen","Clay",0,77,79
"873","Survivor: Thailand",5,"Jake","Clay",0,75,79
"874","Survivor: Thailand",5,"Jan","Clay",0,78,79
"875","Survivor: Thailand",5,"Ken","Clay",1,73,79
"876","Survivor: Thailand",5,"Penny","Clay",1,74,79
"877","Survivor: Thailand",5,"Ted","Clay",0,76,79
"878","Survivor: Marquesas",4,"John","Neleh",0,56,63
"879","Survivor: Marquesas",4,"Kathy","Neleh",1,62,63
"880","Survivor: Marquesas",4,"Paschal","Neleh",1,61,63
"881","Survivor: Marquesas",4,"Robert","Neleh",0,59,63
"882","Survivor: Marquesas",4,"Sean","Neleh",0,60,63
"883","Survivor: Marquesas",4,"Tammy","Neleh",0,58,63
"884","Survivor: Marquesas",4,"Zoe","Neleh",1,57,63
"885","Survivor: Marquesas",4,"John","Vecepia",1,56,64
"886","Survivor: Marquesas",4,"Kathy","Vecepia",0,62,64
"887","Survivor: Marquesas",4,"Paschal","Vecepia",0,61,64
"888","Survivor: Marquesas",4,"Robert","Vecepia",1,59,64
"889","Survivor: Marquesas",4,"Sean","Vecepia",1,60,64
"890","Survivor: Marquesas",4,"Tammy","Vecepia",1,58,64
"891","Survivor: Marquesas",4,"Zoe","Vecepia",0,57,64
"892","Survivor: Africa",3,"Tom","Ethan",1,45,48
"893","Survivor: Africa",3,"Brandon","Ethan",0,41,48
"894","Survivor: Africa",3,"Frank","Ethan",1,42,48
"895","Survivor: Africa",3,"Kelly","Ethan",1,40,48
"896","Survivor: Africa",3,"Kim P.","Ethan",0,43,48
"897","Survivor: Africa",3,"Lex","Ethan",1,46,48
"898","Survivor: Africa",3,"Teresa","Ethan",1,44,48
"899","Survivor: Africa",3,"Tom","Kim J.",0,45,47
"900","Survivor: Africa",3,"Brandon","Kim J.",1,41,47
"901","Survivor: Africa",3,"Frank","Kim J.",0,42,47
"902","Survivor: Africa",3,"Kelly","Kim J.",0,40,47
"903","Survivor: Africa",3,"Kim P.","Kim J.",1,43,47
"904","Survivor: Africa",3,"Lex","Kim J.",0,46,47
"905","Survivor: Africa",3,"Teresa","Kim J.",0,44,47
"906","Survivor: The Australian Outback",2,"Alicia","Colby",0,24,31
"907","Survivor: The Australian Outback",2,"Amber","Colby",1,27,31
"908","Survivor: The Australian Outback",2,"Elisabeth","Colby",0,29,31
"909","Survivor: The Australian Outback",2,"Jerri","Colby",0,25,31
"910","Survivor: The Australian Outback",2,"Keith","Colby",0,30,31
"911","Survivor: The Australian Outback",2,"Nick","Colby",1,26,31
"912","Survivor: The Australian Outback",2,"Rodger","Colby",1,28,31
"913","Survivor: The Australian Outback",2,"Alicia","Tina",1,24,32
"914","Survivor: The Australian Outback",2,"Amber","Tina",0,27,32
"915","Survivor: The Australian Outback",2,"Elisabeth","Tina",1,29,32
"916","Survivor: The Australian Outback",2,"Jerri","Tina",1,25,32
"917","Survivor: The Australian Outback",2,"Keith","Tina",1,30,32
"918","Survivor: The Australian Outback",2,"Nick","Tina",0,26,32
"919","Survivor: The Australian Outback",2,"Rodger","Tina",0,28,32
"920","Survivor: Borneo",1,"Colleen","Kelly",1,11,15
"921","Survivor: Borneo",1,"Gervase","Kelly",1,10,15
"922","Survivor: Borneo",1,"Greg","Kelly",0,8,15
"923","Survivor: Borneo",1,"Jenna","Kelly",1,9,15
"924","Survivor: Borneo",1,"Rudy","Kelly",0,14,15
"925","Survivor: Borneo",1,"Sean","Kelly",0,12,15
"926","Survivor: Borneo",1,"Sue","Kelly",0,13,15
"927","Survivor: Borneo",1,"Colleen","Richard",0,11,16
"928","Survivor: Borneo",1,"Gervase","Richard",0,10,16
"929","Survivor: Borneo",1,"Greg","Richard",1,8,16
"930","Survivor: Borneo",1,"Jenna","Richard",0,9,16
"931","Survivor: Borneo",1,"Rudy","Richard",1,14,16
"932","Survivor: Borneo",1,"Sean","Richard",1,12,16
"933","Survivor: Borneo",1,"Sue","Richard",1,13,16
